obs_avg_sessions_per_week,avg_completion_rate,genre_diversity,tenure_days,obs_recent_30d_sessions,obs_prior_30d_sessions,obs_session_trend_ratio,user_id,segment,actual_churned,churn_probability
5.833333333333334,0.6702787668047554,4,504,25,25,1.0,4667,Steady Regulars,0,0.0
4.783333333333333,0.7051551746038492,5,369,24,17,1.411764705882353,3031,Steady Regulars,0,0.0
4.2,0.2746354152942636,4,398,8,28,0.2857142857142857,1328,Churning Users,0,0.8707656968503146
7.466666666666667,0.6937192694833034,6,267,36,28,1.2857142857142858,3045,Steady Regulars,0,0.0
8.4,0.609614060327107,7,687,41,31,1.3225806451612905,910,Steady Regulars,0,0.0
5.6000000000000005,0.7030210928976919,8,110,25,23,1.0869565217391304,3249,Steady Regulars,0,0.0
0.0,0.0,8,26,0,0,0.0,2219,New / Cold-Start Users,0,0.0
5.833333333333334,0.692040752166972,8,387,21,29,0.7241379310344828,3064,Steady Regulars,0,0.0
21.7,0.8542110463233654,5,506,88,98,0.8979591836734694,918,Power Bingers,0,0.0
0.0,0.0,11,11,0,0,0.0,3513,New / Cold-Start Users,0,0.0
8.866666666666667,0.5790660249335062,4,215,39,37,1.054054054054054,4612,Steady Regulars,0,0.0
20.3,0.8538482320232857,4,555,86,88,0.9772727272727272,2501,Power Bingers,0,0.0
19.366666666666667,0.8632409052941259,5,301,86,80,1.075,811,Power Bingers,0,0.0
5.6000000000000005,0.7010152380804658,5,325,18,30,0.6,1613,Steady Regulars,0,0.0
5.133333333333334,0.705342306078008,5,689,22,22,1.0,1411,Steady Regulars,0,0.0
7.35,0.6039936193629777,4,200,35,28,1.25,1358,Steady Regulars,0,0.0
18.08333333333333,0.8524975804809397,7,270,82,73,1.1232876712328768,1205,Power Bingers,0,0.0
4.2,0.2554992478803822,7,133,7,29,0.2413793103448276,2634,Churning Users,1,0.8141237220971687
6.883333333333334,0.6083463722506403,8,256,30,29,1.0344827586206895,3634,Steady Regulars,0,0.0
19.366666666666667,0.8570225844699656,8,452,80,86,0.9302325581395348,1597,Power Bingers,0,0.0
21.46666666666667,0.850173165420422,7,202,96,88,1.0909090909090908,5,Power Bingers,0,0.0
3.966666666666667,0.3022337847318646,4,348,3,31,0.0967741935483871,4623,Churning Users,0,0.77996511356354
7.466666666666667,0.6125112361474816,5,470,32,32,1.0,760,Steady Regulars,0,0.0
5.833333333333334,0.6741603901314732,8,239,28,22,1.2727272727272727,291,Steady Regulars,0,0.0
3.033333333333333,0.3234102908849101,8,250,7,19,0.3684210526315789,2004,Churning Users,0,0.8583643248929151
7.933333333333334,0.6146005959825667,3,403,33,35,0.9428571428571428,400,Steady Regulars,0,0.0
0.0,0.0,15,26,0,0,0.0,3404,New / Cold-Start Users,0,0.0
22.75,0.8420932416130996,8,372,88,107,0.822429906542056,4553,Power Bingers,0,0.0
21.116666666666667,0.8419357140475685,7,573,88,93,0.946236559139785,4936,Power Bingers,0,0.0
6.183333333333334,0.7318246637558,9,219,22,31,0.7096774193548387,151,Steady Regulars,0,0.0
0.0,0.0,15,3,0,0,0.0,1034,New / Cold-Start Users,0,0.5304683469139608
3.15,0.3237597863177756,5,487,2,25,0.08,4482,Churning Users,1,0.7564533437487587
7.7,0.5842105282111215,6,572,36,30,1.2,1311,Steady Regulars,0,0.0
8.516666666666667,0.5971996434814373,7,413,42,31,1.3548387096774193,2555,Steady Regulars,0,0.0
18.433333333333334,0.8424619052104384,9,267,81,77,1.051948051948052,1386,Power Bingers,0,0.0
4.083333333333333,0.3083543722636432,4,281,7,28,0.25,2400,Churning Users,1,0.7733853648104083
3.616666666666666,0.3209138054518863,7,257,6,25,0.24,2135,Churning Users,0,0.7875762663106604
21.23333333333333,0.8615361142281189,8,436,75,107,0.7009345794392523,798,Power Bingers,0,0.0
3.3833333333333333,0.2905391205617583,7,473,6,23,0.2608695652173913,2188,Churning Users,1,0.8272967272971872
5.366666666666667,0.2903185256402362,7,473,13,33,0.3939393939393939,4110,Churning Users,1,0.7209902853617769
6.65,0.5851512907223968,8,218,25,32,0.78125,1980,Steady Regulars,0,0.0
7.35,0.636816707396703,4,501,28,35,0.8,3474,Steady Regulars,0,0.0
19.016666666666666,0.8475791222042881,8,586,80,83,0.963855421686747,123,Power Bingers,0,0.0
7.233333333333333,0.5971374409749622,8,382,29,33,0.8787878787878788,584,Steady Regulars,0,0.0
23.683333333333334,0.8558564394959796,8,601,97,106,0.9150943396226416,3263,Power Bingers,0,0.0
5.6000000000000005,0.6856362042295024,7,138,24,24,1.0,1514,Steady Regulars,0,0.0
6.3,0.6209396609914042,7,248,28,26,1.0769230769230769,950,Steady Regulars,0,0.0
8.633333333333333,0.6082639044353069,3,436,44,30,1.4666666666666666,1527,Steady Regulars,0,0.0
2.916666666666667,0.3111561557024075,3,500,7,18,0.3888888888888889,1748,Churning Users,0,0.34767503860274657
21.23333333333333,0.8370076700997142,9,359,91,91,1.0,4837,Power Bingers,0,0.0
8.166666666666666,0.6120609526092449,4,260,35,35,1.0,1570,Steady Regulars,0,0.0
20.183333333333334,0.8662359989896711,6,661,98,75,1.3066666666666666,264,Power Bingers,0,0.0
21.23333333333333,0.8475200727921762,5,596,98,84,1.1666666666666667,968,Power Bingers,0,0.0
3.85,0.2704380457150998,8,188,6,27,0.2222222222222222,3797,Churning Users,0,0.8131993178217936
19.95,0.8360603391320219,9,668,85,86,0.9883720930232558,927,Power Bingers,0,0.0
0.0,0.0,15,29,0,0,0.0,1454,New / Cold-Start Users,0,0.0
8.166666666666666,0.5816205766616334,7,438,35,35,1.0,2886,Steady Regulars,0,0.0
17.85,0.8493945918400104,4,526,81,72,1.125,1936,Power Bingers,0,0.0
7.816666666666667,0.6524192746296547,3,120,24,43,0.5581395348837209,2674,Steady Regulars,0,0.0
7.7,0.6008300107134127,5,304,35,31,1.1290322580645162,1710,Steady Regulars,0,0.0
15.633333333333336,0.8381567926227974,4,306,73,61,1.1967213114754098,2115,Power Bingers,0,0.0
7.0,0.5929912018987314,5,237,32,28,1.1428571428571428,1916,Steady Regulars,0,0.0
0.0,0.0,15,2,0,0,0.0,4219,New / Cold-Start Users,1,0.8685680403933729
5.833333333333334,0.5835073247487521,8,155,29,21,1.380952380952381,488,Steady Regulars,0,0.0
6.65,0.6981292499524003,5,90,29,28,1.0357142857142858,1084,Steady Regulars,0,0.0
0.0,0.0,8,17,0,0,0.0,361,New / Cold-Start Users,0,0.0
4.316666666666666,0.3101237345597641,6,491,9,28,0.3214285714285714,4537,Churning Users,1,0.818501888830754
20.3,0.8370886928218289,5,221,75,99,0.7575757575757576,2940,Power Bingers,0,0.0
7.816666666666667,0.6272023839101234,7,457,24,43,0.5581395348837209,4555,Steady Regulars,0,0.0
7.116666666666667,0.5961640275079185,4,693,24,37,0.6486486486486487,4843,Steady Regulars,0,0.0
0.0,0.0,9,19,0,0,0.0,1946,New / Cold-Start Users,0,0.0013
3.5,0.3031444624343844,4,109,6,24,0.25,3932,Churning Users,0,0.7299538610037066
6.183333333333334,0.7218408991754441,4,370,24,29,0.8275862068965517,2141,Steady Regulars,0,0.0
0.0,0.0,9,7,0,0,0.0,2061,New / Cold-Start Users,0,0.0013
5.366666666666667,0.6669088246350648,4,482,22,24,0.9166666666666666,2682,Steady Regulars,0,0.0
6.183333333333334,0.7436645973323526,5,688,27,26,1.0384615384615383,2213,Steady Regulars,0,0.0
8.05,0.5977056312895349,8,192,39,30,1.3,1678,Steady Regulars,0,0.0
4.433333333333334,0.3677073087597206,4,491,8,30,0.2666666666666666,2835,Churning Users,0,0.5814378946826434
6.066666666666666,0.6921994538193231,4,475,36,16,2.25,3054,Steady Regulars,0,0.0
7.466666666666667,0.6160143423066402,5,336,27,37,0.7297297297297297,2475,Steady Regulars,0,0.0
4.9,0.2602805084275534,6,481,7,35,0.2,492,Churning Users,0,0.8705113820478683
7.583333333333334,0.6295470136920427,6,332,34,31,1.096774193548387,3332,Steady Regulars,0,0.0
7.466666666666667,0.5589502286508053,4,730,26,38,0.6842105263157895,2616,Steady Regulars,0,0.0
4.9,0.7085329382608833,7,500,24,18,1.3333333333333333,3627,Steady Regulars,0,0.0
3.3833333333333333,0.243382474344374,3,193,4,25,0.16,1024,Churning Users,0,0.8572543174788265
4.666666666666667,0.3014548820521922,5,485,5,35,0.1428571428571428,2155,Churning Users,0,0.7649030623007215
5.6000000000000005,0.7073774792009703,6,144,28,20,1.4,630,Steady Regulars,0,0.0
6.416666666666667,0.6734191957555609,8,267,26,29,0.896551724137931,3543,Steady Regulars,0,0.0
20.416666666666668,0.834064463986285,5,418,87,88,0.9886363636363636,395,Power Bingers,0,0.0
0.0,0.0,13,27,0,0,0.0,1767,New / Cold-Start Users,0,0.0
4.666666666666667,0.3184131942222923,6,94,11,29,0.3793103448275862,2451,Churning Users,0,0.6150580391606633
19.6,0.8625563620297004,9,521,78,90,0.8666666666666667,98,Power Bingers,0,0.0
0.0,0.0,13,18,0,0,0.0,2999,New / Cold-Start Users,0,0.0
7.466666666666667,0.5767187982015016,3,336,32,32,1.0,4686,Steady Regulars,0,0.0
0.0,0.0,12,27,0,0,0.0,4185,New / Cold-Start Users,0,0.0
18.78333333333333,0.8441498958256778,9,567,86,75,1.1466666666666667,2059,Power Bingers,0,0.0
19.83333333333333,0.8469635939926775,4,584,79,91,0.8681318681318682,269,Power Bingers,0,0.0
6.066666666666666,0.709277351682834,6,663,25,27,0.925925925925926,4314,Steady Regulars,0,0.0
4.55,0.3284064777827249,3,284,9,30,0.3,78,Churning Users,0,0.8694811709421246
6.766666666666667,0.6071964043330628,3,109,29,29,1.0,1939,Steady Regulars,0,0.0
3.733333333333333,0.3703453076494128,3,232,8,24,0.3333333333333333,2879,Churning Users,0,0.17885951562089963
7.116666666666667,0.6262807056122324,5,281,29,32,0.90625,3871,Steady Regulars,0,0.0
21.0,0.8536207011827952,7,219,91,89,1.0224719101123596,768,Power Bingers,0,0.0
0.0,0.0,11,29,0,0,0.0,233,New / Cold-Start Users,0,0.0
6.3,0.6861479496778756,8,300,22,32,0.6875,4583,Steady Regulars,0,0.0
7.35,0.566927428800596,7,689,30,33,0.9090909090909092,4798,Steady Regulars,0,0.0
5.716666666666667,0.5953285450130933,6,603,27,22,1.2272727272727273,11,Steady Regulars,0,0.0
6.3,0.6978105751437906,8,629,22,32,0.6875,4948,Steady Regulars,0,0.0
7.116666666666667,0.5890513102646011,3,157,31,30,1.0333333333333334,3524,Steady Regulars,0,0.0
19.016666666666666,0.8486687377069198,5,348,85,78,1.0897435897435896,2908,Power Bingers,0,0.0
7.466666666666667,0.5920943324878969,8,316,31,33,0.9393939393939394,2687,Steady Regulars,0,0.0
4.2,0.3017914646013231,6,257,8,28,0.2857142857142857,351,Churning Users,0,0.8149277797205855
22.05,0.8490538276505227,8,219,91,98,0.9285714285714286,3318,Power Bingers,0,0.0
20.883333333333333,0.8536468690371107,5,400,88,91,0.967032967032967,2478,Power Bingers,0,0.0
3.966666666666667,0.2799138766602618,3,284,4,30,0.1333333333333333,648,Churning Users,1,0.8564714986929128
4.666666666666667,0.6985094451932629,6,123,18,22,0.8181818181818182,3663,Steady Regulars,0,0.0
5.833333333333334,0.6160800593642277,8,221,22,28,0.7857142857142857,4832,Steady Regulars,0,0.0
3.3833333333333333,0.3083933099862669,6,291,6,23,0.2608695652173913,3451,Churning Users,1,0.7543689133498261
18.78333333333333,0.8472106289628908,8,425,80,81,0.9876543209876544,4091,Power Bingers,0,0.0
6.066666666666666,0.6036669513844722,3,636,27,25,1.08,1380,Steady Regulars,0,0.0
0.0,0.0,12,14,0,0,0.0,1115,New / Cold-Start Users,0,0.0
5.133333333333334,0.2720450760350953,4,499,12,32,0.375,2717,Churning Users,0,0.3398521820943794
8.05,0.6313673759553758,6,359,35,34,1.0294117647058822,1067,Steady Regulars,0,0.0
5.6000000000000005,0.6642035651515866,5,687,21,27,0.7777777777777778,948,Steady Regulars,0,0.0
5.133333333333334,0.2555685750270867,8,151,7,37,0.1891891891891892,1011,Churning Users,0,0.7781461799611944
3.5,0.2731303970999212,5,422,8,22,0.3636363636363636,1338,Churning Users,0,0.8764125816789857
6.066666666666666,0.7012492255033581,8,279,25,27,0.925925925925926,4557,Steady Regulars,0,0.0
0.0,0.0,12,6,0,0,0.0,603,New / Cold-Start Users,0,0.0
6.533333333333333,0.6977888855485092,8,113,26,30,0.8666666666666667,236,Steady Regulars,0,0.0
0.0,0.0,8,23,0,0,0.0,4543,New / Cold-Start Users,0,0.0
0.0,0.0,15,18,0,0,0.0,1744,New / Cold-Start Users,0,0.0
6.416666666666667,0.6997396340120939,8,544,31,24,1.2916666666666667,4624,Steady Regulars,0,0.0
19.366666666666667,0.8459328324127707,7,277,75,91,0.8241758241758241,1278,Power Bingers,0,0.0
6.65,0.6205635252224482,6,327,25,32,0.78125,1423,Steady Regulars,0,0.0
4.2,0.699667186160613,5,182,21,15,1.4,4900,Steady Regulars,0,0.0
2.916666666666667,0.344669236554372,7,322,6,19,0.3157894736842105,3286,Churning Users,0,0.8503383507055529
20.53333333333333,0.8479348012570221,5,582,95,81,1.1728395061728396,4827,Power Bingers,0,0.0
4.9,0.7554709700466823,6,157,25,17,1.4705882352941178,2793,Steady Regulars,0,0.0
0.0,0.0,15,9,0,0,0.0,892,New / Cold-Start Users,0,0.0
19.25,0.8617999681757696,5,240,90,75,1.2,3026,Power Bingers,0,0.0
24.15,0.8499516584796293,8,461,99,108,0.9166666666666666,205,Power Bingers,0,0.0
19.83333333333333,0.8601313882180631,6,438,83,87,0.9540229885057472,4839,Power Bingers,0,0.0
4.2,0.2580436278638616,8,423,6,30,0.2,1121,Churning Users,0,0.8264089538299945
21.0,0.8734517744720907,6,631,89,91,0.978021978021978,3000,Power Bingers,0,0.0
19.6,0.8483965766431071,4,382,79,89,0.8876404494382022,271,Power Bingers,0,0.0
8.166666666666666,0.6050207645200103,6,481,38,32,1.1875,4896,Steady Regulars,0,0.0
21.583333333333336,0.8433196471495592,4,584,103,82,1.2560975609756098,972,Power Bingers,0,0.0
7.0,0.5941072476196829,6,218,32,28,1.1428571428571428,2486,Steady Regulars,0,0.0
8.166666666666666,0.5829629678336735,6,477,35,35,1.0,4546,Steady Regulars,0,0.0
3.85,0.2941471721186831,7,236,9,24,0.375,1198,Churning Users,0,0.8095376161591484
20.3,0.8514744650421289,5,728,89,85,1.0470588235294118,548,Power Bingers,0,0.0
4.083333333333333,0.2603876849782659,8,251,9,26,0.3461538461538461,2428,Churning Users,0,0.8686252026851333
20.3,0.8532101388747847,8,416,68,106,0.6415094339622641,4079,Power Bingers,0,0.0
8.166666666666666,0.5684551103682985,3,236,29,41,0.7073170731707317,2550,Steady Regulars,0,0.0
4.2,0.302939005129489,5,238,5,31,0.1612903225806451,1931,Churning Users,0,0.7853134519147085
7.35,0.6940903283646402,7,637,33,30,1.1,3754,Steady Regulars,0,0.0
7.816666666666667,0.608729438888918,3,118,34,33,1.0303030303030305,4734,Steady Regulars,0,0.0
5.716666666666667,0.7087892780109237,6,209,20,29,0.6896551724137931,1049,Steady Regulars,0,0.0
0.0,0.0,11,13,0,0,0.0,711,New / Cold-Start Users,0,0.0
8.166666666666666,0.6020856289233368,3,95,30,40,0.75,138,Steady Regulars,0,0.0
3.85,0.329959831910295,3,412,6,27,0.2222222222222222,4322,Churning Users,0,0.7350816698343823
20.3,0.8491035939016273,7,539,85,89,0.9550561797752808,3179,Power Bingers,0,0.0
4.783333333333333,0.7080307897992597,8,243,20,21,0.9523809523809524,4907,Steady Regulars,0,0.0
2.916666666666667,0.2923157349422068,8,261,4,21,0.1904761904761904,3502,Churning Users,0,0.8663774390649983
6.65,0.7070209463792119,4,673,34,23,1.4782608695652173,609,Steady Regulars,0,0.0
20.65,0.8549673283104118,5,390,79,98,0.8061224489795918,703,Power Bingers,0,0.0
0.0,0.0,8,18,0,0,0.0,3599,New / Cold-Start Users,0,0.0
18.9,0.8539165279235958,8,724,78,84,0.9285714285714286,849,Power Bingers,0,0.0
6.65,0.6211450233812004,8,228,29,28,1.0357142857142858,2942,Steady Regulars,0,0.0
20.3,0.8451117414233447,5,259,79,95,0.8315789473684211,998,Power Bingers,0,0.0
5.483333333333333,0.6225515339285326,4,229,26,21,1.238095238095238,1450,Steady Regulars,0,0.0
5.483333333333333,0.7297063924976502,7,642,18,29,0.6206896551724138,4992,Steady Regulars,0,0.0
21.46666666666667,0.8525644482818219,9,282,94,90,1.0444444444444445,2958,Power Bingers,0,0.0
0.0,0.0,12,24,0,0,0.0,3076,New / Cold-Start Users,0,0.0
4.783333333333333,0.5951037936757407,7,478,21,20,1.05,4517,Steady Regulars,0,0.0
20.766666666666666,0.8374444909669758,6,271,95,83,1.144578313253012,3962,Power Bingers,0,0.0
19.366666666666667,0.8417463334128475,6,202,86,80,1.075,3394,Power Bingers,0,0.0
2.45,0.3031001377547599,6,480,4,17,0.2352941176470588,4820,Churning Users,0,0.6398069276946399
21.0,0.863386575915179,7,614,92,88,1.0454545454545454,3572,Power Bingers,0,0.0
7.116666666666667,0.6234425651419855,8,617,35,26,1.3461538461538465,4994,Steady Regulars,0,0.0
7.583333333333334,0.5898341427015638,4,577,37,28,1.3214285714285714,1705,Steady Regulars,0,0.0
19.71666666666667,0.8460950992377578,8,523,83,86,0.9651162790697676,4351,Power Bingers,0,0.0
5.833333333333334,0.5478227533786886,4,500,26,24,1.0833333333333333,3087,Steady Regulars,0,0.0
6.3,0.6196460933179949,5,592,31,23,1.3478260869565215,515,Steady Regulars,0,0.0
5.95,0.5794947004705926,6,469,23,28,0.8214285714285714,4067,Steady Regulars,0,0.0
6.066666666666666,0.5693999623656851,8,110,22,30,0.7333333333333333,3446,Steady Regulars,0,0.0
7.35,0.6020384524192148,5,285,25,38,0.6578947368421053,4119,Steady Regulars,0,0.0
3.966666666666667,0.3320032006295246,8,101,5,29,0.1724137931034483,197,Churning Users,0,0.47349358863722274
3.966666666666667,0.3131727470418215,4,110,5,29,0.1724137931034483,4665,Churning Users,0,0.7202715469951894
5.95,0.6635729299185747,6,511,26,25,1.04,2343,Steady Regulars,0,0.0
7.116666666666667,0.6018738942418632,7,574,32,29,1.103448275862069,1002,Steady Regulars,0,0.0
10.15,0.5894652828030444,7,529,42,45,0.9333333333333332,313,Steady Regulars,0,0.0
23.566666666666663,0.8463778537441227,5,652,116,86,1.3488372093023255,679,Power Bingers,0,0.0
5.133333333333334,0.7204975302828213,4,354,26,18,1.4444444444444444,4485,Steady Regulars,0,0.0
4.666666666666667,0.322305407365501,4,193,8,32,0.25,2019,Churning Users,0,0.8632591656420334
6.3,0.7079225652097085,7,697,27,27,1.0,707,Steady Regulars,0,0.0
0.0,0.0,14,13,0,0,0.0,1760,New / Cold-Start Users,0,0.0
0.0,0.0,11,25,0,0,0.0,1676,New / Cold-Start Users,0,0.0
5.6000000000000005,0.5600889414671756,6,283,25,23,1.0869565217391304,793,Steady Regulars,0,0.0
4.783333333333333,0.7123496670958708,6,165,17,24,0.7083333333333334,3726,Steady Regulars,0,0.0
7.933333333333334,0.559083235552356,5,704,34,34,1.0,4282,Steady Regulars,0,0.0
8.05,0.5792165067781468,8,464,38,31,1.2258064516129032,3370,Steady Regulars,0,0.0
21.583333333333336,0.8492707599192768,8,693,83,102,0.8137254901960784,4961,Power Bingers,0,0.0
5.016666666666667,0.7014213878728288,7,255,25,18,1.3888888888888888,2225,Steady Regulars,0,0.0
0.0,0.0,12,23,0,0,0.0,2045,New / Cold-Start Users,0,0.0
3.3833333333333333,0.2827354734393127,4,261,3,26,0.1153846153846153,1992,Churning Users,1,0.8532158125711787
3.85,0.3104186107671986,3,245,8,25,0.32,3224,Churning Users,0,0.8225649296913028
5.25,0.6891622114307184,5,363,26,19,1.368421052631579,1753,Steady Regulars,0,0.0
7.0,0.6113644256392923,7,262,29,31,0.935483870967742,1738,Steady Regulars,0,0.0
3.733333333333333,0.2569443441776485,6,453,4,28,0.1428571428571428,3346,Churning Users,0,0.8618766946217992
6.3,0.720322808403261,9,145,28,26,1.0769230769230769,4355,Steady Regulars,0,0.0
8.75,0.5635929216476628,5,352,35,40,0.875,1353,Steady Regulars,0,0.0
18.78333333333333,0.8356127371923313,7,377,78,83,0.9397590361445785,636,Power Bingers,0,0.0
6.416666666666667,0.5944459686460875,7,323,32,23,1.391304347826087,1761,Steady Regulars,0,0.0
3.733333333333333,0.3396199666471627,8,268,7,25,0.28,274,Churning Users,1,0.8322021037447496
4.783333333333333,0.3030886110599597,4,119,6,35,0.1714285714285714,4375,Churning Users,0,0.7672630575474879
8.283333333333333,0.6293446741623572,5,717,33,38,0.868421052631579,4272,Steady Regulars,0,0.0
6.65,0.6099404051589318,6,544,22,35,0.6285714285714286,1046,Steady Regulars,0,0.0
5.366666666666667,0.6820499897503483,5,103,21,25,0.84,1953,Steady Regulars,0,0.0
7.466666666666667,0.6192109890099481,3,91,37,27,1.3703703703703705,4630,Steady Regulars,0,0.0
6.416666666666667,0.7086838137400719,5,190,29,26,1.1153846153846154,2715,Steady Regulars,0,0.0
3.616666666666666,0.2343255112747194,8,94,8,23,0.3478260869565217,1313,Churning Users,0,0.5658143462486528
6.883333333333334,0.6860871769665882,5,614,35,24,1.4583333333333333,2165,Steady Regulars,0,0.0
4.666666666666667,0.3011825613842077,4,148,11,29,0.3793103448275862,3519,Churning Users,0,0.8341521546645013
4.783333333333333,0.2712628685277014,7,143,10,31,0.3225806451612903,3195,Churning Users,0,0.8701418213767669
6.416666666666667,0.7038777588447526,9,588,26,29,0.896551724137931,1548,Steady Regulars,0,0.0
20.65,0.8422472127313063,4,528,85,92,0.9239130434782608,4008,Power Bingers,0,0.0
5.483333333333333,0.683870899595653,6,298,22,25,0.88,697,Steady Regulars,0,0.0
3.5,0.2584050670334762,3,472,6,24,0.25,421,Churning Users,0,0.8362445665957797
7.816666666666667,0.594872304051535,3,560,35,32,1.09375,3021,Steady Regulars,0,0.0
7.583333333333334,0.5841428226288389,6,423,36,29,1.2413793103448276,4956,Steady Regulars,0,0.0
18.666666666666668,0.8433602156267991,9,621,76,84,0.9047619047619048,555,Power Bingers,0,0.0
6.183333333333334,0.7182313302429576,9,172,28,25,1.12,2288,Steady Regulars,0,0.0
0.0,0.0,11,29,0,0,0.0,2547,New / Cold-Start Users,0,0.0
6.766666666666667,0.57555223396937,5,97,28,30,0.9333333333333332,3449,Steady Regulars,0,0.0
6.65,0.5517837064211366,8,301,24,33,0.7272727272727273,897,Steady Regulars,0,0.0
0.0,0.0,13,20,0,0,0.0,2974,New / Cold-Start Users,0,0.0
20.3,0.8397400814876105,5,328,87,87,1.0,1244,Power Bingers,0,0.0
4.666666666666667,0.3378404483613189,6,154,8,32,0.25,2395,Churning Users,0,0.8530588525442573
7.0,0.6086192981659476,7,476,28,32,0.875,1554,Steady Regulars,0,0.0
18.666666666666668,0.8447519056507243,5,503,79,81,0.9753086419753086,240,Power Bingers,0,0.0
7.583333333333334,0.5943773165155661,7,664,33,32,1.03125,3849,Steady Regulars,0,0.0
6.066666666666666,0.5856044142321628,7,272,21,31,0.6774193548387096,3741,Steady Regulars,0,0.0
7.583333333333334,0.6348736864412435,6,520,27,38,0.7105263157894737,1993,Steady Regulars,0,0.0
6.183333333333334,0.7294158932394335,7,319,22,31,0.7096774193548387,380,Steady Regulars,0,0.0
6.766666666666667,0.5998388582405298,4,332,28,30,0.9333333333333332,596,Steady Regulars,0,0.0
5.483333333333333,0.3388057745965021,5,125,6,41,0.1463414634146341,210,Churning Users,0,0.41369391722574855
6.416666666666667,0.5667980123378867,6,123,26,29,0.896551724137931,119,Steady Regulars,0,0.0
3.85,0.3151363512844125,4,479,8,25,0.32,745,Churning Users,0,0.785787106161348
5.833333333333334,0.7022489571997435,5,219,24,26,0.9230769230769232,2812,Steady Regulars,0,0.0
0.0,0.0,15,25,0,0,0.0,2291,New / Cold-Start Users,0,0.0
7.116666666666667,0.5798635576371387,8,709,27,34,0.7941176470588235,4213,Steady Regulars,0,0.0
20.066666666666663,0.8509382106265576,7,393,99,73,1.356164383561644,4568,Power Bingers,0,0.0
7.466666666666667,0.6987244177350896,6,470,33,31,1.064516129032258,168,Steady Regulars,0,0.0
20.183333333333334,0.8565269304496055,7,521,95,78,1.2179487179487178,3439,Power Bingers,0,0.0
4.666666666666667,0.3100718772127465,7,341,7,33,0.2121212121212121,1077,Churning Users,0,0.8285014085403702
6.883333333333334,0.6953429848536264,5,674,25,34,0.7352941176470589,2746,Steady Regulars,0,0.0
20.416666666666668,0.8366421924582307,7,408,91,84,1.0833333333333333,2567,Power Bingers,0,0.0
4.083333333333333,0.2913812929754095,5,382,7,28,0.25,4072,Churning Users,0,0.8630508998004359
3.15,0.3391055428610285,4,318,6,21,0.2857142857142857,2561,Churning Users,0,0.8565555870589967
0.0,0.0,13,10,0,0,0.0,1229,New / Cold-Start Users,0,0.0
19.95,0.8677752219763755,5,270,89,82,1.0853658536585369,4474,Power Bingers,0,0.0
6.3,0.610424848247699,7,526,23,31,0.7419354838709677,2898,Steady Regulars,0,0.0
5.95,0.6887129161557146,7,111,25,26,0.9615384615384616,1212,Steady Regulars,0,0.0
4.9,0.7057563558665035,7,630,24,18,1.3333333333333333,1840,Steady Regulars,0,0.0
7.35,0.5795333576305847,6,277,28,35,0.8,70,Steady Regulars,0,0.0
4.316666666666666,0.3311689456749122,5,467,10,27,0.3703703703703703,500,Churning Users,0,0.8377111591616706
6.533333333333333,0.5780714505146717,6,725,37,19,1.947368421052632,3833,Steady Regulars,0,0.0
6.416666666666667,0.7053921638902346,4,241,29,26,1.1153846153846154,2143,Steady Regulars,0,0.0
8.283333333333333,0.5972661974390415,6,215,31,40,0.775,2915,Steady Regulars,0,0.0
21.116666666666667,0.8413371668458277,5,336,92,89,1.0337078651685394,2150,Power Bingers,0,0.0
18.08333333333333,0.8517351233300259,6,554,74,81,0.9135802469135802,3234,Power Bingers,0,0.0
5.95,0.7030073463150368,7,605,24,27,0.8888888888888888,3113,Steady Regulars,0,0.0
6.883333333333334,0.7016014346453728,4,406,33,26,1.2692307692307692,2430,Steady Regulars,0,0.0
6.183333333333334,0.6595917632363126,5,603,34,19,1.7894736842105263,2950,Steady Regulars,0,0.0
18.316666666666663,0.8688827539557712,5,404,80,77,1.0389610389610389,1940,Power Bingers,0,0.0
18.2,0.8388025557213151,9,521,71,85,0.8352941176470589,2803,Power Bingers,0,0.0
7.35,0.5990595893233597,8,359,35,28,1.25,907,Steady Regulars,0,0.0
4.9,0.3100949656397019,6,398,10,32,0.3125,3172,Churning Users,0,0.8583759562007143
7.583333333333334,0.5666255931141134,7,157,37,28,1.3214285714285714,3601,Steady Regulars,0,0.0
0.0,0.0,14,17,0,0,0.0,2599,New / Cold-Start Users,0,0.0
4.083333333333333,0.248416629823136,4,173,5,30,0.1666666666666666,3364,Churning Users,0,0.8191468629793238
6.066666666666666,0.662934518922958,9,323,21,31,0.6774193548387096,638,Steady Regulars,0,0.0
6.416666666666667,0.7121200678464449,5,445,29,26,1.1153846153846154,2976,Steady Regulars,0,0.0
0.0,0.0,15,23,0,0,0.0,3885,New / Cold-Start Users,0,0.0
9.566666666666666,0.6168515155483352,3,516,38,44,0.8636363636363636,57,Steady Regulars,0,0.0
8.05,0.6022749993189224,6,91,31,38,0.8157894736842105,3667,Steady Regulars,0,0.0
0.0,0.0,14,16,0,0,0.0,873,New / Cold-Start Users,0,0.0
7.35,0.6179776443734704,8,498,24,39,0.6153846153846154,4765,Steady Regulars,0,0.0
0.0,0.0,9,22,0,0,0.0,1986,New / Cold-Start Users,0,0.0013
7.233333333333333,0.5771632087803136,4,244,33,29,1.137931034482759,2937,Steady Regulars,0,0.0
6.65,0.5715270168394314,8,159,26,31,0.8387096774193549,2263,Steady Regulars,0,0.0
19.95,0.8542795444104151,4,399,85,86,0.9883720930232558,1337,Power Bingers,0,0.0
19.83333333333333,0.8425989968112684,4,713,84,86,0.9767441860465116,3805,Power Bingers,0,0.0
21.816666666666663,0.8372729789891801,5,438,97,90,1.0777777777777775,3735,Power Bingers,0,0.0
6.883333333333334,0.5605780844483959,8,509,23,36,0.6388888888888888,249,Steady Regulars,0,0.0
7.583333333333334,0.5519543220814658,6,308,37,28,1.3214285714285714,2932,Steady Regulars,0,0.0
6.533333333333333,0.5880481778471172,5,315,24,32,0.75,4697,Steady Regulars,0,0.0
7.35,0.560655074035176,4,207,34,29,1.1724137931034482,4149,Steady Regulars,0,0.0
3.616666666666666,0.2375456980161055,6,314,5,26,0.1923076923076923,3293,Churning Users,0,0.8700490453626383
19.95,0.8574948115541677,9,432,83,88,0.9431818181818182,231,Power Bingers,0,0.0
7.233333333333333,0.5677397776659379,4,488,25,37,0.6756756756756757,2034,Steady Regulars,0,0.0
7.816666666666667,0.5788545397098828,6,274,36,31,1.1612903225806452,348,Steady Regulars,0,0.0
4.2,0.2954579652789635,4,207,11,25,0.44,2899,Churning Users,0,0.7617766932121749
7.233333333333333,0.6892896501363174,5,209,35,27,1.2962962962962965,655,Steady Regulars,0,0.0
19.133333333333333,0.8510700062705643,4,416,76,88,0.8636363636363636,1368,Power Bingers,0,0.0
3.966666666666667,0.2357013530318588,3,300,5,29,0.1724137931034483,496,Churning Users,1,0.8115930252192837
6.65,0.6639245779396411,5,158,27,30,0.9,1733,Steady Regulars,0,0.0
20.183333333333334,0.8509963502967609,5,571,90,83,1.0843373493975903,2379,Power Bingers,0,0.0
2.6833333333333336,0.2995574022230453,8,285,5,18,0.2777777777777778,4,Churning Users,0,0.6114581874288456
6.65,0.6750141834326628,7,315,28,29,0.9655172413793104,4234,Steady Regulars,0,0.0
19.83333333333333,0.8500191016482638,5,414,82,88,0.9318181818181818,2157,Power Bingers,0,0.0
5.6000000000000005,0.6929338132393479,5,122,24,24,1.0,3430,Steady Regulars,0,0.0
19.6,0.8434096551250478,5,216,89,79,1.1265822784810129,4338,Power Bingers,0,0.0
7.7,0.6062176169015568,3,697,26,40,0.65,2142,Steady Regulars,0,0.0
5.366666666666667,0.7317313201978766,7,661,25,21,1.1904761904761905,117,Steady Regulars,0,0.0
3.966666666666667,0.2744243549078775,7,158,6,28,0.2142857142857142,2256,Churning Users,0,0.8313089846694153
3.733333333333333,0.2671285322138887,5,111,7,25,0.28,2733,Churning Users,0,0.7994608864522054
4.083333333333333,0.2995046478688676,7,197,7,28,0.25,3670,Churning Users,0,0.6978117470733376
2.8000000000000003,0.2569153108677728,8,465,2,22,0.0909090909090909,4099,Churning Users,0,0.7190080950946536
21.0,0.8528919217340087,5,574,85,95,0.8947368421052632,4156,Power Bingers,0,0.0
20.066666666666663,0.8499291058278886,4,535,84,88,0.9545454545454546,1836,Power Bingers,0,0.0
3.033333333333333,0.2619888826004433,3,478,6,20,0.3,586,Churning Users,1,0.7741543630785875
8.4,0.6532372301026796,6,236,38,34,1.1176470588235294,314,Steady Regulars,0,0.0
8.633333333333333,0.60383614327314,7,516,37,37,1.0,4438,Steady Regulars,0,0.0
0.0,0.0,9,11,0,0,0.0,1948,New / Cold-Start Users,0,0.0013
21.7,0.8362938691932172,7,492,90,96,0.9375,4200,Power Bingers,0,0.0
7.466666666666667,0.6376613110587281,7,488,36,28,1.2857142857142858,2020,Steady Regulars,0,0.0
3.15,0.2896199714084381,5,437,4,23,0.1739130434782608,3431,Churning Users,1,0.8764760615825115
5.016666666666667,0.7260306131272725,5,203,20,23,0.8695652173913043,3624,Steady Regulars,0,0.0
6.65,0.6888088337546611,7,322,27,30,0.9,1204,Steady Regulars,0,0.0
4.783333333333333,0.2895902365724132,3,461,9,32,0.28125,4326,Churning Users,0,0.8741622084311903
7.116666666666667,0.5794613621108594,7,554,24,37,0.6486486486486487,10,Steady Regulars,0,0.0
7.233333333333333,0.5912830808538913,7,108,28,34,0.8235294117647058,1119,Steady Regulars,0,0.0
9.1,0.6192947915318319,7,602,35,43,0.813953488372093,2832,Steady Regulars,0,0.0
5.483333333333333,0.6836553505967119,5,653,27,20,1.35,2618,Steady Regulars,0,0.0
6.183333333333334,0.7190986265915854,9,424,27,26,1.0384615384615383,1534,Steady Regulars,0,0.0
18.55,0.8568863996836146,6,653,83,76,1.0921052631578947,759,Power Bingers,0,0.0
6.533333333333333,0.706207658167921,8,177,25,31,0.8064516129032258,749,Steady Regulars,0,0.0
6.533333333333333,0.6185778742653166,7,519,29,27,1.0740740740740742,2626,Steady Regulars,0,0.0
6.65,0.5854185561284071,5,168,28,29,0.9655172413793104,4301,Steady Regulars,0,0.0
6.65,0.6067328615567433,6,682,25,32,0.78125,3897,Steady Regulars,0,0.0
17.733333333333334,0.845299893491873,4,605,73,79,0.9240506329113924,1434,Power Bingers,0,0.0
3.85,0.2948684124485364,5,185,7,26,0.2692307692307692,4339,Churning Users,0,0.8594395863803795
5.483333333333333,0.6753713801240967,4,212,16,31,0.5161290322580645,3460,Steady Regulars,0,0.003979289940828402
6.883333333333334,0.6300247283948035,7,620,32,27,1.1851851851851851,4741,Steady Regulars,0,0.0
4.083333333333333,0.3088267650301453,4,491,3,32,0.09375,4077,Churning Users,0,0.7328638862258119
7.466666666666667,0.5905231064734808,5,597,32,32,1.0,4160,Steady Regulars,0,0.0
21.7,0.8419540988405845,6,394,96,90,1.0666666666666669,4745,Power Bingers,0,0.0
19.016666666666666,0.8460609642456246,9,246,79,84,0.9404761904761904,4746,Power Bingers,0,0.0
3.616666666666666,0.2744618773716777,4,246,5,26,0.1923076923076923,1771,Churning Users,0,0.8842021803180315
22.866666666666667,0.859553948772424,5,303,92,104,0.8846153846153846,3372,Power Bingers,0,0.0
6.183333333333334,0.6079305883588608,7,115,29,24,1.2083333333333333,709,Steady Regulars,0,0.0
8.75,0.5944231896012441,4,653,35,40,0.875,3490,Steady Regulars,0,0.0
20.65,0.8299178469834187,9,280,85,92,0.9239130434782608,525,Power Bingers,0,0.0
6.3,0.3089300821612721,3,218,15,39,0.3846153846153846,2710,Churning Users,0,0.2512062310229208
5.016666666666667,0.6895699802105945,5,382,23,20,1.15,4886,Steady Regulars,0,0.0
21.816666666666663,0.8568538243870982,4,666,95,92,1.0326086956521738,1133,Power Bingers,0,0.0
5.6000000000000005,0.6788769986573288,6,338,18,30,0.6,1134,Steady Regulars,0,0.0
7.816666666666667,0.6028912970017903,8,191,35,32,1.09375,2073,Steady Regulars,0,0.0
20.183333333333334,0.8489111554756981,8,705,93,80,1.1625,3955,Power Bingers,0,0.0
5.016666666666667,0.7100532026284616,5,247,21,22,0.9545454545454546,4519,Steady Regulars,0,0.0
3.2666666666666666,0.294127564181184,4,299,5,23,0.217391304347826,4453,Churning Users,0,0.8788885700759833
3.15,0.3040812035439588,6,337,5,22,0.2272727272727272,2796,Churning Users,0,0.8226415228592883
6.066666666666666,0.7215851991348987,5,648,26,26,1.0,2495,Steady Regulars,0,0.0
3.733333333333333,0.2603605416567986,4,354,9,23,0.391304347826087,4254,Churning Users,0,0.8913743424219828
9.1,0.6147997189119534,8,161,38,40,0.95,2090,Steady Regulars,0,0.0
7.583333333333334,0.5890071622746715,8,123,38,27,1.4074074074074074,3020,Steady Regulars,0,0.0
4.9,0.6764122773257119,4,222,24,18,1.3333333333333333,549,Steady Regulars,0,0.0
7.583333333333334,0.5921057957019701,6,718,31,34,0.9117647058823528,1657,Steady Regulars,0,0.0
5.25,0.3232107412128763,5,449,5,40,0.125,114,Churning Users,1,0.585709695751869
7.116666666666667,0.6239411951780579,7,326,29,32,0.90625,1177,Steady Regulars,0,0.0
21.46666666666667,0.8504594608447524,7,181,96,88,1.0909090909090908,1743,Power Bingers,0,0.0
8.983333333333334,0.5663506050892972,5,230,36,41,0.8780487804878049,2121,Steady Regulars,0,0.0
6.416666666666667,0.6247932199948799,6,703,35,20,1.75,2285,Steady Regulars,0,0.0
7.816666666666667,0.6095222011212056,3,380,31,36,0.8611111111111112,901,Steady Regulars,0,0.0
22.75,0.8424928956442043,6,277,93,102,0.9117647058823528,3398,Power Bingers,0,0.0
20.53333333333333,0.8357163235066981,5,634,86,90,0.9555555555555556,2160,Power Bingers,0,0.0
0.0,0.0,14,9,0,0,0.0,3092,New / Cold-Start Users,0,0.0
8.283333333333333,0.6205316933029215,5,459,30,41,0.7317073170731707,2959,Steady Regulars,0,0.0
4.083333333333333,0.3683112138910836,8,417,8,27,0.2962962962962963,1307,Churning Users,0,0.562241672089225
9.1,0.6430118664155428,8,334,37,41,0.902439024390244,3081,Steady Regulars,0,0.0
6.883333333333334,0.5843040835900505,8,129,31,28,1.1071428571428572,2747,Steady Regulars,0,0.0
8.4,0.7144825020415083,8,551,38,34,1.1176470588235294,3639,Steady Regulars,0,0.0
0.0,0.0,8,10,0,0,0.0,1391,New / Cold-Start Users,0,0.0
4.55,0.7449066149189328,6,108,16,23,0.6956521739130435,4360,Steady Regulars,0,0.0
6.183333333333334,0.5739162047006355,7,429,23,30,0.7666666666666667,3608,Steady Regulars,0,0.0
6.066666666666666,0.6432105597713286,6,401,26,26,1.0,371,Steady Regulars,0,0.0
7.35,0.631555274584024,8,409,26,37,0.7027027027027027,1921,Steady Regulars,0,0.0
8.283333333333333,0.634340668690261,5,139,33,38,0.868421052631579,3803,Steady Regulars,0,0.0
16.683333333333334,0.8438877486411401,6,502,72,71,1.0140845070422535,2539,Power Bingers,0,0.0
5.016666666666667,0.5862646432116432,3,507,21,22,0.9545454545454546,1406,Steady Regulars,0,0.0
4.433333333333334,0.2855580364793171,6,319,5,33,0.1515151515151515,4016,Churning Users,0,0.8511103087958906
3.966666666666667,0.2652701142689873,5,203,7,27,0.2592592592592592,4490,Churning Users,0,0.8719394370088874
3.733333333333333,0.3125394388535748,7,432,5,27,0.1851851851851851,411,Churning Users,0,0.8015114284444383
3.966666666666667,0.2999742689182469,6,362,12,22,0.5454545454545454,4310,Churning Users,0,0.08496145132432725
22.166666666666668,0.8718840991041935,5,397,94,96,0.9791666666666666,899,Power Bingers,0,0.0
6.766666666666667,0.5617566568056342,8,416,27,31,0.8709677419354839,4029,Steady Regulars,0,0.0
3.5,0.3206427415374792,8,132,9,21,0.4285714285714285,3906,Churning Users,0,0.7900901099214039
6.416666666666667,0.7299090760343414,8,266,27,28,0.9642857142857144,4379,Steady Regulars,0,0.0
5.25,0.3276104901833138,7,450,8,37,0.2162162162162162,4015,Churning Users,0,0.851347013682459
6.883333333333334,0.5808279534294372,3,130,31,28,1.1071428571428572,3050,Steady Regulars,0,0.0
19.133333333333333,0.8592862518615174,4,320,84,80,1.05,2870,Power Bingers,0,0.0
4.55,0.266803389123501,5,104,4,35,0.1142857142857142,3983,Churning Users,0,0.7127421052118572
6.183333333333334,0.6787141754204776,6,278,24,29,0.8275862068965517,4245,Steady Regulars,0,0.0
9.333333333333334,0.584671792899881,8,685,39,41,0.951219512195122,3190,Steady Regulars,0,0.0
6.3,0.6908118826285632,5,99,26,28,0.9285714285714286,201,Steady Regulars,0,0.0
21.116666666666667,0.8481843351126058,9,374,98,83,1.180722891566265,1376,Power Bingers,0,0.0
5.133333333333334,0.2709100283131082,7,449,11,33,0.3333333333333333,4768,Churning Users,1,0.8260026638822571
8.75,0.6073887697631789,5,554,36,39,0.9230769230769232,332,Steady Regulars,0,0.0
5.716666666666667,0.5937730304688172,4,455,21,28,0.75,1755,Steady Regulars,0,0.0
3.5,0.307423706258727,4,353,6,24,0.25,1417,Churning Users,0,0.7552231866015969
7.0,0.593527421900355,5,186,14,46,0.3043478260869565,1540,Steady Regulars,0,0.05832125452895192
19.25,0.8509903162373823,6,541,82,83,0.9879518072289156,4494,Power Bingers,0,0.0
3.733333333333333,0.3214353626938453,3,377,1,31,0.032258064516129,2496,Churning Users,0,0.6220821325628247
5.833333333333334,0.6883136230604557,8,194,25,25,1.0,1711,Steady Regulars,0,0.0
18.2,0.8474582510582397,8,630,87,69,1.2608695652173914,4467,Power Bingers,0,0.0
5.25,0.630638979793867,8,191,21,24,0.875,1611,Steady Regulars,0,0.0
8.983333333333334,0.602006591712797,3,277,43,34,1.2647058823529411,3361,Steady Regulars,0,0.0
0.0,0.0,11,13,0,0,0.0,1758,New / Cold-Start Users,0,0.0
5.133333333333334,0.7001497322439424,4,332,19,25,0.76,2149,Steady Regulars,0,0.0
0.0,0.0,13,8,0,0,0.0,2904,New / Cold-Start Users,0,0.0
8.633333333333333,0.5860514834351469,8,655,38,36,1.0555555555555556,4495,Steady Regulars,0,0.0
21.583333333333336,0.8373854668137486,9,211,97,88,1.1022727272727273,2605,Power Bingers,0,0.0
8.166666666666666,0.5999705938984061,6,535,39,31,1.2580645161290325,487,Steady Regulars,0,0.0
2.8000000000000003,0.2279972609972594,5,149,4,20,0.2,2862,Churning Users,0,0.8132300967217901
4.2,0.2730595160294867,7,229,8,28,0.2857142857142857,1438,Churning Users,1,0.8764198412384543
19.25,0.8399795416616228,8,257,79,86,0.9186046511627908,3126,Power Bingers,0,0.0
5.366666666666667,0.6662142900759667,4,558,20,26,0.7692307692307693,2132,Steady Regulars,0,0.0
8.05,0.6161395041203594,5,422,32,37,0.8648648648648649,3526,Steady Regulars,0,0.0
5.016666666666667,0.3047112860951494,3,110,11,32,0.34375,17,Churning Users,0,0.7108182932666218
6.766666666666667,0.6899053285778485,5,321,27,31,0.8709677419354839,2337,Steady Regulars,0,0.0
5.833333333333334,0.2937697654534038,8,387,14,36,0.3888888888888889,2481,Churning Users,0,0.4965656490798633
7.0,0.7026859280108784,8,422,30,30,1.0,4241,Steady Regulars,0,0.0
3.733333333333333,0.3850902434811397,7,242,6,26,0.2307692307692307,2928,Churning Users,0,0.14574408580901857
4.783333333333333,0.7131911719261277,8,649,16,25,0.64,1279,Steady Regulars,0,0.0
19.83333333333333,0.8449942152325743,9,574,82,88,0.9318181818181818,1251,Power Bingers,0,0.0
6.65,0.6178906878142815,5,254,21,36,0.5833333333333334,4461,Steady Regulars,0,0.0
6.65,0.5908033833184152,7,273,32,25,1.28,3700,Steady Regulars,0,0.0
20.883333333333333,0.855808384273967,8,547,84,95,0.8842105263157894,1598,Power Bingers,0,0.0
4.316666666666666,0.2670777377786589,8,138,7,30,0.2333333333333333,2111,Churning Users,0,0.8262777324269099
6.3,0.7071264233188018,4,728,23,31,0.7419354838709677,1640,Steady Regulars,0,0.0
7.816666666666667,0.6083567897840612,5,118,33,34,0.9705882352941176,2734,Steady Regulars,0,0.0
20.65,0.8494342227888315,9,690,94,83,1.1325301204819278,3929,Power Bingers,0,0.0
7.466666666666667,0.5800115342726049,8,688,28,36,0.7777777777777778,3062,Steady Regulars,0,0.0
22.98333333333333,0.8583868619105607,8,297,111,86,1.2906976744186047,1762,Power Bingers,0,0.0
6.533333333333333,0.6258223951128156,7,375,26,30,0.8666666666666667,4506,Steady Regulars,0,0.0
7.583333333333334,0.5768267781055971,4,438,33,32,1.03125,1984,Steady Regulars,0,0.0
8.166666666666666,0.6171424344435601,3,625,41,29,1.4137931034482758,3570,Steady Regulars,0,0.0
7.0,0.609420030418535,5,688,34,26,1.3076923076923077,4230,Steady Regulars,0,0.0
18.55,0.8414676418033562,7,560,77,82,0.9390243902439024,589,Power Bingers,0,0.0
7.233333333333333,0.5841235158586896,8,492,23,39,0.5897435897435898,4822,Steady Regulars,0,0.0
6.066666666666666,0.6810197699388121,8,519,24,28,0.8571428571428571,1884,Steady Regulars,0,0.0
18.316666666666663,0.8514576933711372,7,585,67,90,0.7444444444444445,869,Power Bingers,0,0.0
6.3,0.7032976043200638,6,569,23,31,0.7419354838709677,1973,Steady Regulars,0,0.0
4.666666666666667,0.3563332051072737,8,455,7,33,0.2121212121212121,2545,Churning Users,0,0.6934348693943722
8.166666666666666,0.5719297639914654,8,407,30,40,0.75,3547,Steady Regulars,0,0.0
6.3,0.6856280801769808,4,406,29,25,1.16,2089,Steady Regulars,0,0.0
17.383333333333333,0.852485412226687,6,551,77,72,1.0694444444444444,2317,Power Bingers,0,0.0
17.5,0.865674947815933,8,317,74,76,0.9736842105263158,1196,Power Bingers,0,0.0
5.833333333333334,0.6897282875969002,7,130,25,25,1.0,4274,Steady Regulars,0,0.0
8.05,0.5953588719534869,8,333,27,42,0.6428571428571429,2867,Steady Regulars,0,0.0
0.0,0.0,14,26,0,0,0.0,4109,New / Cold-Start Users,0,0.0
5.716666666666667,0.716156515673029,6,409,30,19,1.5789473684210529,1909,Steady Regulars,0,0.0
6.183333333333334,0.6881214966137128,5,709,26,27,0.9629629629629628,563,Steady Regulars,0,0.0
0.0,0.0,9,15,0,0,0.0,810,New / Cold-Start Users,0,0.0013
7.116666666666667,0.5890023256241633,7,197,26,35,0.7428571428571429,1600,Steady Regulars,0,0.0
3.3833333333333333,0.3605864952612104,4,199,3,26,0.1153846153846153,3635,Churning Users,0,0.6333569490056024
3.3833333333333333,0.3587096088208553,7,206,2,27,0.074074074074074,2032,Churning Users,1,0.6105136129077864
0.0,0.0,12,19,0,0,0.0,4105,New / Cold-Start Users,0,0.0
7.233333333333333,0.5556030917148245,7,252,32,30,1.0666666666666669,547,Steady Regulars,0,0.0
6.416666666666667,0.6655155739574502,9,266,30,25,1.2,2318,Steady Regulars,0,0.0
5.25,0.6191453021418514,7,667,18,27,0.6666666666666666,3424,Steady Regulars,0,0.0
6.183333333333334,0.6230961420620927,6,328,22,31,0.7096774193548387,4049,Steady Regulars,0,0.0
5.833333333333334,0.713009065343887,5,715,28,22,1.2727272727272727,3738,Steady Regulars,0,0.0
5.366666666666667,0.6976634126709319,6,585,27,19,1.4210526315789471,667,Steady Regulars,0,0.0
6.65,0.6195317263092264,3,668,27,30,0.9,2603,Steady Regulars,0,0.0
6.65,0.6968428717903673,4,302,30,27,1.1111111111111112,198,Steady Regulars,0,0.0
0.0,0.0,15,28,0,0,0.0,3732,New / Cold-Start Users,0,0.0
8.4,0.5973755198536652,8,528,33,39,0.8461538461538461,378,Steady Regulars,0,0.0
3.616666666666666,0.2482813363110841,5,334,2,29,0.0689655172413793,3165,Churning Users,0,0.47081509086027185
8.983333333333334,0.5661916413028132,4,297,40,37,1.0810810810810811,3098,Steady Regulars,0,0.0
3.85,0.3207387491143957,3,383,7,26,0.2692307692307692,3106,Churning Users,0,0.8147706320293497
4.433333333333334,0.315147464538123,4,347,7,31,0.2258064516129032,1901,Churning Users,0,0.8352292415775991
21.0,0.8595529710896452,9,473,85,95,0.8947368421052632,1645,Power Bingers,0,0.0
20.416666666666668,0.8545504407910214,4,552,83,92,0.9021739130434784,511,Power Bingers,0,0.0
4.083333333333333,0.3292921452187464,6,474,6,29,0.2068965517241379,770,Churning Users,1,0.7067884781580083
3.966666666666667,0.2927321619087797,4,121,9,25,0.36,3259,Churning Users,0,0.8151788829037833
8.05,0.5702319717413402,3,481,25,44,0.5681818181818182,3489,Steady Regulars,0,0.0
3.85,0.2823821875844242,6,186,8,25,0.32,4435,Churning Users,0,0.856087643043941
17.266666666666666,0.8541879226762847,9,235,83,65,1.2769230769230768,4012,Power Bingers,0,0.0
3.15,0.2431621333734431,8,354,8,19,0.4210526315789473,3409,Churning Users,0,0.8463636277273611
5.6000000000000005,0.3496556427328869,5,383,10,38,0.2631578947368421,3447,Churning Users,0,0.5618630236661274
19.95,0.8585422050505606,8,525,83,88,0.9431818181818182,1669,Power Bingers,0,0.0
8.4,0.5954359299193563,3,585,33,39,0.8461538461538461,1138,Steady Regulars,0,0.0
4.316666666666666,0.2680542403306988,5,266,9,28,0.3214285714285714,969,Churning Users,0,0.871970517443971
19.71666666666667,0.8504667328929709,4,622,88,81,1.0864197530864197,4514,Power Bingers,0,0.0
5.016666666666667,0.3690490258776068,8,404,9,34,0.2647058823529412,4005,Churning Users,0,0.24683608147653147
4.316666666666666,0.2667821455582826,8,327,5,32,0.15625,1938,Churning Users,0,0.8221266757376502
7.35,0.6162062208559982,7,435,28,35,0.8,1028,Steady Regulars,0,0.0
20.3,0.8466324744245605,5,671,81,93,0.8709677419354839,404,Power Bingers,0,0.0
8.4,0.6172753675150864,3,458,36,36,1.0,1102,Steady Regulars,0,0.0
5.016666666666667,0.6955094579880572,4,112,26,17,1.5294117647058822,1541,Steady Regulars,0,0.0
4.783333333333333,0.3332987728813801,7,262,7,34,0.2058823529411764,448,Churning Users,1,0.8359533004069875
5.016666666666667,0.2632924322919744,3,144,8,35,0.2285714285714285,3078,Churning Users,0,0.8610850410353781
18.433333333333334,0.8595556369037897,9,332,72,86,0.8372093023255814,4859,Power Bingers,0,0.0
4.316666666666666,0.2968875033390251,5,212,8,29,0.2758620689655172,3796,Churning Users,0,0.8738072846277616
5.6000000000000005,0.704325014107844,4,665,18,30,0.6,1935,Steady Regulars,0,0.0
5.95,0.6198077425389521,6,544,25,26,0.9615384615384616,2767,Steady Regulars,0,0.0
8.283333333333333,0.5823556017286124,4,165,33,38,0.868421052631579,3077,Steady Regulars,0,0.0
8.516666666666667,0.6019395505689356,4,249,36,37,0.972972972972973,1208,Steady Regulars,0,0.0
7.466666666666667,0.5844559207447804,7,97,31,33,0.9393939393939394,4383,Steady Regulars,0,0.0
6.416666666666667,0.6152454823261829,7,313,31,24,1.2916666666666667,3925,Steady Regulars,0,0.0
8.283333333333333,0.6050313332458429,7,660,38,33,1.1515151515151516,4809,Steady Regulars,0,0.0
7.933333333333334,0.5895699631146626,4,139,37,31,1.1935483870967742,3683,Steady Regulars,0,0.0
6.3,0.7075889456562607,7,483,30,24,1.25,876,Steady Regulars,0,0.0
0.0,0.0,8,14,0,0,0.0,3875,New / Cold-Start Users,0,0.0
6.3,0.5753241675435958,3,129,25,29,0.8620689655172413,2586,Steady Regulars,0,0.0
5.483333333333333,0.6937418549792165,4,153,26,21,1.238095238095238,4163,Steady Regulars,0,0.0
20.65,0.8566657844514362,6,215,85,92,0.9239130434782608,1428,Power Bingers,0,0.0
8.516666666666667,0.601829603799542,6,511,31,42,0.7380952380952381,2177,Steady Regulars,0,0.0
6.183333333333334,0.7097879446514328,4,725,31,22,1.4090909090909092,4864,Steady Regulars,0,0.0
19.95,0.8517179056656041,4,304,76,95,0.8,3096,Power Bingers,0,0.0
5.366666666666667,0.630020602600547,8,415,25,21,1.1904761904761905,3870,Steady Regulars,0,0.0
18.78333333333333,0.8436883471299559,8,728,79,82,0.9634146341463414,4336,Power Bingers,0,0.0
7.233333333333333,0.5729697994157449,7,555,34,28,1.2142857142857142,3905,Steady Regulars,0,0.0
0.0,0.0,15,24,0,0,0.0,3205,New / Cold-Start Users,0,0.0
19.133333333333333,0.8505020986852758,5,194,79,85,0.9294117647058824,3128,Power Bingers,0,0.0
3.2666666666666666,0.284871039707884,7,255,3,25,0.12,2446,Churning Users,1,0.8447656633543926
18.08333333333333,0.8620014432700884,8,387,95,60,1.5833333333333333,671,Power Bingers,0,0.0
5.483333333333333,0.7274256341376445,4,548,17,30,0.5666666666666667,3477,Steady Regulars,0,0.0
4.2,0.3259054896523725,8,94,8,28,0.2857142857142857,3345,Churning Users,0,0.5527281801395149
4.783333333333333,0.7101834595861034,9,491,18,23,0.782608695652174,3659,Steady Regulars,0,0.0
6.533333333333333,0.5974613623893044,5,331,30,26,1.1538461538461535,2278,Steady Regulars,0,0.0
5.133333333333334,0.2911829730884115,7,201,11,33,0.3333333333333333,122,Churning Users,0,0.8365234594179825
5.716666666666667,0.6841141489825291,9,672,18,31,0.5806451612903226,1563,Steady Regulars,0,0.0
4.55,0.7145568618585083,9,399,17,22,0.7727272727272727,1723,Steady Regulars,0,0.0
3.966666666666667,0.3381090923353351,5,364,6,28,0.2142857142857142,2048,Churning Users,0,0.7144943129524408
19.366666666666667,0.8616739951624252,7,353,79,87,0.9080459770114944,943,Power Bingers,0,0.0
0.0,0.0,8,15,0,0,0.0,585,New / Cold-Start Users,0,0.0
5.95,0.6898811809122066,6,95,22,29,0.7586206896551724,4402,Steady Regulars,0,0.0
5.25,0.6662388740576038,8,174,24,21,1.1428571428571428,4824,Steady Regulars,0,0.0
5.25,0.6164328974942664,6,607,26,19,1.368421052631579,2363,Steady Regulars,0,0.0
9.8,0.604207650845008,6,362,43,41,1.048780487804878,1477,Steady Regulars,0,0.0
5.016666666666667,0.6869948238547274,6,376,28,15,1.8666666666666667,3028,Steady Regulars,0,0.0
5.95,0.6885822169886552,7,672,28,23,1.2173913043478262,3223,Steady Regulars,0,0.0
6.3,0.6318301076157005,8,671,26,28,0.9285714285714286,134,Steady Regulars,0,0.0
3.2666666666666666,0.2735814428219399,4,306,3,25,0.12,2457,Churning Users,0,0.847095831387429
7.7,0.6002859707570796,6,219,26,40,0.65,533,Steady Regulars,0,0.0
20.65,0.8571865534745369,4,277,99,78,1.2692307692307692,764,Power Bingers,0,0.0
5.366666666666667,0.6893413362334846,8,337,23,23,1.0,2361,Steady Regulars,0,0.0
0.0,0.0,10,14,0,0,0.0,3132,New / Cold-Start Users,0,0.0
7.35,0.6074035947110931,8,347,29,34,0.8529411764705882,3034,Steady Regulars,0,0.0
22.28333333333333,0.8524250364081973,8,532,95,96,0.9895833333333334,3208,Power Bingers,0,0.0
7.583333333333334,0.6447238431309329,4,578,31,34,0.9117647058823528,3471,Steady Regulars,0,0.0
8.4,0.602069259232078,5,291,30,42,0.7142857142857143,497,Steady Regulars,0,0.0
22.4,0.847362669499863,8,353,102,90,1.1333333333333333,2233,Power Bingers,0,0.0
8.05,0.5832360915316944,3,181,32,37,0.8648648648648649,2861,Steady Regulars,0,0.0
3.85,0.2546788748697877,8,474,4,29,0.1379310344827586,2248,Churning Users,0,0.7688808177210033
8.4,0.6141834303164833,7,459,38,34,1.1176470588235294,3196,Steady Regulars,0,0.0
6.883333333333334,0.6440298930953714,3,251,24,35,0.6857142857142857,2655,Steady Regulars,0,0.0
4.316666666666666,0.2702025679768897,8,416,8,29,0.2758620689655172,3037,Churning Users,1,0.8520363309459127
18.433333333333334,0.8666438255866166,8,697,83,75,1.106666666666667,778,Power Bingers,0,0.0
3.2666666666666666,0.319107709282007,6,388,7,21,0.3333333333333333,2029,Churning Users,1,0.846738771017156
0.0,0.0,8,24,0,0,0.0,2907,New / Cold-Start Users,0,0.0
4.9,0.7299952997176105,8,234,22,20,1.1,817,Steady Regulars,0,0.0
4.55,0.3107895584092,4,437,6,33,0.1818181818181818,2966,Churning Users,0,0.8224355695312799
4.9,0.7391897479825688,6,454,27,15,1.8,1374,Steady Regulars,0,0.0
18.55,0.8396423054013735,9,604,74,85,0.8705882352941177,4019,Power Bingers,0,0.0
21.46666666666667,0.8550455037598715,5,433,89,95,0.936842105263158,1393,Power Bingers,0,0.0
7.7,0.6056148297227167,4,333,31,35,0.8857142857142857,2852,Steady Regulars,0,0.0
4.2,0.2942143898934712,7,164,7,29,0.2413793103448276,4950,Churning Users,0,0.8400585501844623
3.616666666666666,0.3063323899804865,4,223,7,24,0.2916666666666667,1905,Churning Users,0,0.827309630642902
4.2,0.299611178195296,7,149,3,33,0.0909090909090909,3348,Churning Users,1,0.6985071311400367
21.0,0.8527474146485156,9,651,90,90,1.0,1926,Power Bingers,0,0.0
8.866666666666667,0.6058599261732887,7,551,38,38,1.0,2713,Steady Regulars,0,0.0
5.133333333333334,0.7236023458780907,4,114,25,19,1.3157894736842106,3571,Steady Regulars,0,0.0
8.516666666666667,0.6395494269079445,3,683,38,35,1.0857142857142856,1831,Steady Regulars,0,0.0
18.666666666666668,0.8445801346447774,6,675,78,82,0.951219512195122,725,Power Bingers,0,0.0
6.883333333333334,0.6016173575630337,4,301,29,30,0.9666666666666668,2091,Steady Regulars,0,0.0
0.0,0.0,9,14,0,0,0.0,4178,New / Cold-Start Users,0,0.0013
7.816666666666667,0.5767110896090106,4,111,30,37,0.8108108108108109,3544,Steady Regulars,0,0.0
8.05,0.5704862701267867,7,108,28,41,0.6829268292682927,624,Steady Regulars,0,0.0
0.0,0.0,12,13,0,0,0.0,4954,New / Cold-Start Users,0,0.0
0.0,0.0,14,20,0,0,0.0,866,New / Cold-Start Users,0,0.0
19.133333333333333,0.8504560224680452,4,386,83,81,1.0246913580246917,735,Power Bingers,0,0.0
19.016666666666666,0.857228965454717,4,303,86,77,1.1168831168831168,3189,Power Bingers,0,0.0
19.25,0.8427122939956974,8,568,82,83,0.9879518072289156,4366,Power Bingers,0,0.0
19.016666666666666,0.8557424562773819,8,273,79,84,0.9404761904761904,1768,Power Bingers,0,0.0
5.133333333333334,0.5360125452701365,8,544,19,25,0.76,4871,Steady Regulars,0,0.0
5.483333333333333,0.6921538750399533,5,524,26,21,1.238095238095238,4062,Steady Regulars,0,0.0
6.416666666666667,0.6228751693205681,6,217,30,25,1.2,3298,Steady Regulars,0,0.0
6.533333333333333,0.6958511161793297,8,260,23,33,0.696969696969697,3739,Steady Regulars,0,0.0
5.95,0.657897870555862,7,601,22,29,0.7586206896551724,2854,Steady Regulars,0,0.0
3.966666666666667,0.3202313029079927,3,168,7,27,0.2592592592592592,2868,Churning Users,0,0.8001663873209928
20.066666666666663,0.8342293973645406,5,298,85,87,0.9770114942528736,3838,Power Bingers,0,0.0
19.366666666666667,0.8587919520939635,4,709,90,76,1.1842105263157894,4972,Power Bingers,0,0.0
20.53333333333333,0.8459985583638211,5,358,84,92,0.9130434782608696,3427,Power Bingers,0,0.0
6.066666666666666,0.5677014780219213,7,557,29,23,1.2608695652173914,145,Steady Regulars,0,0.0
4.316666666666666,0.702303404061997,4,729,22,15,1.4666666666666666,3043,Steady Regulars,0,0.0
3.5,0.2621105403267746,4,167,6,24,0.25,3089,Churning Users,0,0.8762797114538133
6.416666666666667,0.5999840664274394,3,269,25,30,0.8333333333333334,3107,Steady Regulars,0,0.0
0.0,0.0,12,18,0,0,0.0,1412,New / Cold-Start Users,0,0.0
5.716666666666667,0.716417726842475,9,258,28,21,1.3333333333333333,2742,Steady Regulars,0,0.0
5.833333333333334,0.6163809151941699,7,728,27,23,1.173913043478261,2982,Steady Regulars,0,0.0
5.95,0.665372613319479,8,325,31,20,1.55,1714,Steady Regulars,0,0.0
8.05,0.6259404126516876,3,539,31,38,0.8157894736842105,2409,Steady Regulars,0,0.0
8.05,0.5819788716444092,4,265,24,45,0.5333333333333333,4054,Steady Regulars,0,0.0
6.766666666666667,0.7312866972760339,6,596,34,24,1.4166666666666667,4525,Steady Regulars,0,0.0
21.933333333333334,0.8423849740136884,7,464,89,99,0.898989898989899,1834,Power Bingers,0,0.0
7.35,0.6238548655658217,6,268,29,34,0.8529411764705882,3651,Steady Regulars,0,0.0
4.083333333333333,0.3265804330024016,6,180,12,23,0.5217391304347826,208,Churning Users,0,0.4001906131607917
23.8,0.8526274534669094,9,282,105,99,1.0606060606060606,4403,Power Bingers,0,0.0
5.133333333333334,0.7374836114046218,6,479,23,21,1.0952380952380951,1700,Steady Regulars,0,0.0
4.666666666666667,0.6934727744873997,9,108,21,19,1.105263157894737,3256,Steady Regulars,0,0.0
7.0,0.5950543253746033,8,655,22,38,0.5789473684210527,1227,Steady Regulars,0,0.0
3.85,0.2884138625100081,4,341,6,27,0.2222222222222222,2721,Churning Users,1,0.8354453088686776
4.433333333333334,0.2694501923693732,4,435,7,31,0.2258064516129032,353,Churning Users,0,0.8672888909738061
8.4,0.6301562999959606,8,246,36,36,1.0,2238,Steady Regulars,0,0.0
20.65,0.8634433465109317,8,201,94,83,1.1325301204819278,2640,Power Bingers,0,0.0
7.933333333333334,0.5827914637626914,7,556,27,41,0.6585365853658537,2249,Steady Regulars,0,0.0
18.666666666666668,0.8591262194161168,4,237,73,87,0.8390804597701149,3410,Power Bingers,0,0.0
7.816666666666667,0.7277473046498263,4,661,26,41,0.6341463414634146,2934,Steady Regulars,0,0.0
6.416666666666667,0.5860349643471594,6,179,22,33,0.6666666666666666,687,Steady Regulars,0,0.0
19.83333333333333,0.8479764005283746,4,699,84,86,0.9767441860465116,2298,Power Bingers,0,0.0
7.35,0.6527252570976508,6,235,32,31,1.032258064516129,4170,Steady Regulars,0,0.0
0.0,0.0,15,19,0,0,0.0,1586,New / Cold-Start Users,0,0.0
6.066666666666666,0.740121675192069,6,575,22,30,0.7333333333333333,4400,Steady Regulars,0,0.0
6.3,0.5916123856568828,5,661,20,34,0.5882352941176471,1906,Steady Regulars,0,0.0
6.65,0.7073487026046638,8,543,26,31,0.8387096774193549,4050,Steady Regulars,0,0.0
3.3833333333333333,0.3050623675572859,4,326,2,27,0.074074074074074,3384,Churning Users,0,0.7226517545617029
5.366666666666667,0.2579031922358484,3,383,5,41,0.1219512195121951,4947,Churning Users,0,0.5647054771960086
4.666666666666667,0.7412830907206585,6,415,21,19,1.105263157894737,1118,Steady Regulars,0,0.0
0.0,0.0,9,14,0,0,0.0,3596,New / Cold-Start Users,0,0.0013
21.116666666666667,0.8481092850743942,5,471,87,94,0.925531914893617,2737,Power Bingers,0,0.0
5.25,0.6716923892887151,6,302,21,24,0.875,4916,Steady Regulars,0,0.0
2.916666666666667,0.3513362268043563,7,90,10,15,0.6666666666666666,4895,Churning Users,0,0.07649732535003126
7.233333333333333,0.5966103541688931,7,95,29,33,0.8787878787878788,1643,Steady Regulars,0,0.0
20.65,0.8493096705628523,6,252,86,91,0.945054945054945,4292,Power Bingers,0,0.0
6.883333333333334,0.5854840171994912,8,93,36,23,1.565217391304348,944,Steady Regulars,0,0.0
5.366666666666667,0.5657567063124508,6,572,25,21,1.1904761904761905,752,Steady Regulars,0,0.0
6.416666666666667,0.6255327510569059,6,202,31,24,1.2916666666666667,702,Steady Regulars,0,0.0
7.35,0.5958483544690514,6,392,38,25,1.52,4650,Steady Regulars,0,0.0
19.95,0.8511876814262832,9,320,83,88,0.9431818181818182,2483,Power Bingers,0,0.0
7.583333333333334,0.6397442906189852,4,463,35,30,1.1666666666666667,2120,Steady Regulars,0,0.0
5.6000000000000005,0.6380843296404394,4,526,28,20,1.4,800,Steady Regulars,0,0.0
5.016666666666667,0.7208402398733703,5,116,23,20,1.15,4056,Steady Regulars,0,0.0
4.316666666666666,0.2694495724639609,4,331,10,27,0.3703703703703703,1274,Churning Users,1,0.8715467331593212
6.65,0.7239065260059336,9,602,30,27,1.1111111111111112,3013,Steady Regulars,0,0.0
0.0,0.0,15,22,0,0,0.0,3378,New / Cold-Start Users,0,0.0
17.85,0.8527363741661277,8,720,83,70,1.1857142857142855,647,Power Bingers,0,0.0
6.766666666666667,0.6953180371644597,5,498,25,33,0.7575757575757576,2403,Steady Regulars,0,0.0
18.666666666666668,0.8556456073618175,6,255,74,86,0.8604651162790697,4908,Power Bingers,0,0.0
21.7,0.8603592945661083,4,228,96,90,1.0666666666666669,4629,Power Bingers,0,0.0
5.716666666666667,0.7224021629896796,7,232,22,27,0.8148148148148148,2853,Steady Regulars,0,0.0
0.0,0.0,15,23,0,0,0.0,6,New / Cold-Start Users,0,0.0
17.85,0.8504989681593677,9,700,81,72,1.125,2782,Power Bingers,0,0.0
0.0,0.0,11,25,0,0,0.0,3479,New / Cold-Start Users,0,0.0
7.933333333333334,0.5756213879652977,8,352,32,36,0.8888888888888888,3898,Steady Regulars,0,0.0
0.0,0.0,11,21,0,0,0.0,3780,New / Cold-Start Users,0,0.0
19.48333333333333,0.8480247201072124,5,549,89,78,1.141025641025641,1721,Power Bingers,0,0.0
21.116666666666667,0.8440197827361104,7,449,85,96,0.8854166666666666,2078,Power Bingers,0,0.0
5.366666666666667,0.7241209476904776,7,676,25,21,1.1904761904761905,2679,Steady Regulars,0,0.0
18.433333333333334,0.8478754003556437,9,527,87,71,1.2253521126760565,1309,Power Bingers,0,0.0
4.083333333333333,0.2615332470554715,3,367,8,27,0.2962962962962963,2969,Churning Users,1,0.8730693719636271
0.0,0.0,10,8,0,0,0.0,4681,New / Cold-Start Users,0,0.0
7.35,0.5819778917889455,5,174,30,33,0.9090909090909092,2033,Steady Regulars,0,0.0
5.716666666666667,0.307998033184053,4,152,11,38,0.2894736842105263,3926,Churning Users,0,0.5229322917817951
7.466666666666667,0.6596041068815816,8,331,31,33,0.9393939393939394,4574,Steady Regulars,0,0.0
7.0,0.5847322388085917,4,569,31,29,1.0689655172413792,2566,Steady Regulars,0,0.0
0.0,0.0,12,16,0,0,0.0,1706,New / Cold-Start Users,0,0.0
5.716666666666667,0.5740492058930304,8,440,16,33,0.4848484848484848,1362,Steady Regulars,0,0.008651779023797834
4.316666666666666,0.3387312994133281,4,373,9,28,0.3214285714285714,4137,Churning Users,0,0.8174513712095784
4.433333333333334,0.3265160503158773,3,305,9,29,0.3103448275862069,4675,Churning Users,0,0.8564768892175004
8.633333333333333,0.5715377878188377,6,409,35,39,0.8974358974358975,1179,Steady Regulars,0,0.0
5.483333333333333,0.6863747230824649,9,175,20,27,0.7407407407407407,4500,Steady Regulars,0,0.0
19.6,0.8578936656849043,4,224,83,85,0.976470588235294,590,Power Bingers,0,0.0
20.3,0.8577311221088177,6,505,91,83,1.0963855421686748,2890,Power Bingers,0,0.0
4.083333333333333,0.2956495061245681,4,229,3,32,0.09375,102,Churning Users,0,0.8566840237080793
0.0,0.0,10,9,0,0,0.0,162,New / Cold-Start Users,0,0.0
3.2666666666666666,0.3150284720328002,6,231,4,24,0.1666666666666666,81,Churning Users,0,0.8095524660423767
5.366666666666667,0.7316256303048797,7,650,22,24,0.9166666666666666,2431,Steady Regulars,0,0.0
18.2,0.8337771942842604,8,647,77,79,0.9746835443037974,925,Power Bingers,0,0.0
20.066666666666663,0.8610987878625698,7,364,88,84,1.0476190476190477,2049,Power Bingers,0,0.0
5.133333333333334,0.6997132734541854,8,279,22,22,1.0,4929,Steady Regulars,0,0.0
8.516666666666667,0.6283593809158264,5,219,30,43,0.6976744186046512,2847,Steady Regulars,0,0.0
7.35,0.6320906792154827,6,420,30,33,0.9090909090909092,2075,Steady Regulars,0,0.0
7.116666666666667,0.5980603564853715,5,142,25,36,0.6944444444444444,4144,Steady Regulars,0,0.0
3.616666666666666,0.3472798111320722,8,108,3,28,0.1071428571428571,4784,Churning Users,0,0.5874395281116468
7.583333333333334,0.5826081224330091,4,672,28,37,0.7567567567567568,373,Steady Regulars,0,0.0
8.633333333333333,0.5986026909311635,4,512,28,46,0.6086956521739131,3939,Steady Regulars,0,0.0
8.983333333333334,0.5778385467728894,4,428,43,34,1.2647058823529411,4951,Steady Regulars,0,0.0
7.583333333333334,0.6826571075347039,5,484,37,28,1.3214285714285714,2826,Steady Regulars,0,0.0
0.0,0.0,14,19,0,0,0.0,2133,New / Cold-Start Users,0,0.0
8.4,0.5904781861826405,6,614,36,36,1.0,3247,Steady Regulars,0,0.0
21.35,0.8512503939803383,4,183,82,101,0.8118811881188119,1642,Power Bingers,0,0.0
4.2,0.291109811163299,7,116,10,26,0.3846153846153846,3426,Churning Users,0,0.7948782001420831
0.0,0.0,9,4,0,0,0.0,137,New / Cold-Start Users,0,0.005321739130434783
21.7,0.8585323867642124,7,438,96,90,1.0666666666666669,3492,Power Bingers,0,0.0
21.23333333333333,0.8296903111793142,6,422,92,90,1.022222222222222,1122,Power Bingers,0,0.0
20.766666666666666,0.8514715657879788,9,485,88,90,0.9777777777777776,3138,Power Bingers,0,0.0
5.6000000000000005,0.720344061607363,4,558,28,20,1.4,1599,Steady Regulars,0,0.0
5.133333333333334,0.7057045898207046,4,298,20,24,0.8333333333333334,3496,Steady Regulars,0,0.0
3.616666666666666,0.2456378329459753,3,223,6,25,0.24,1175,Churning Users,0,0.8548357157304006
3.033333333333333,0.3057162539841712,6,346,4,22,0.1818181818181818,3892,Churning Users,0,0.7886149061366151
3.85,0.2740043113822537,8,395,7,26,0.2692307692307692,1005,Churning Users,0,0.8472901948434057
5.016666666666667,0.6928313732630214,5,580,24,19,1.263157894736842,2258,Steady Regulars,0,0.0
3.3833333333333333,0.261778379334376,5,375,6,23,0.2608695652173913,4265,Churning Users,0,0.8772238454313649
5.25,0.6663125358064891,9,670,30,15,2.0,4852,Steady Regulars,0,0.0
3.85,0.2415801339721209,4,251,6,27,0.2222222222222222,304,Churning Users,1,0.8275191911509591
6.533333333333333,0.701168534058235,7,150,30,26,1.1538461538461535,4295,Steady Regulars,0,0.0
5.016666666666667,0.3289154945960247,3,313,9,34,0.2647058823529412,1317,Churning Users,0,0.8607363808863115
8.05,0.5799896630011884,7,484,24,45,0.5333333333333333,1812,Steady Regulars,0,0.0
8.75,0.6190212604393985,7,432,35,40,0.875,232,Steady Regulars,0,0.0
6.533333333333333,0.5861412645290589,7,242,29,27,1.0740740740740742,475,Steady Regulars,0,0.0
20.65,0.8612249323947198,8,649,81,96,0.84375,3804,Power Bingers,0,0.0
8.283333333333333,0.57970520274997,8,593,31,40,0.775,747,Steady Regulars,0,0.0
8.633333333333333,0.5489117762140445,6,209,32,42,0.7619047619047619,4754,Steady Regulars,0,0.0
20.183333333333334,0.8515199255462043,9,510,81,92,0.8804347826086957,1275,Power Bingers,0,0.0
7.116666666666667,0.5996020658723011,5,471,28,33,0.8484848484848485,693,Steady Regulars,0,0.0
5.833333333333334,0.6844393930545766,8,292,27,23,1.173913043478261,1565,Steady Regulars,0,0.0
19.366666666666667,0.8528664884317173,5,560,78,88,0.8863636363636364,4678,Power Bingers,0,0.0
7.0,0.5877602407028935,5,230,23,37,0.6216216216216216,3753,Steady Regulars,0,0.0
7.7,0.6302644587924358,5,730,33,33,1.0,1792,Steady Regulars,0,0.0
22.633333333333333,0.8355814474479595,4,547,102,92,1.108695652173913,1315,Power Bingers,0,0.0
6.65,0.670994729122384,9,150,25,32,0.78125,842,Steady Regulars,0,0.0
2.6833333333333336,0.262176891065522,3,225,2,21,0.0952380952380952,4155,Churning Users,1,0.8758289117713719
3.2666666666666666,0.3216696998171814,3,91,4,24,0.1666666666666666,2857,Churning Users,0,0.41730293987837636
6.883333333333334,0.6578925819251316,8,728,32,27,1.1851851851851851,4304,Steady Regulars,0,0.0
5.366666666666667,0.7163507393050932,5,291,23,23,1.0,3715,Steady Regulars,0,0.0
18.55,0.8559691368289194,6,526,92,67,1.373134328358209,2312,Power Bingers,0,0.0
19.25,0.862393447737332,4,445,95,70,1.3571428571428572,3343,Power Bingers,0,0.0
7.0,0.7386856338699395,9,363,29,31,0.935483870967742,3541,Steady Regulars,0,0.0
4.433333333333334,0.3112778121567374,4,245,7,31,0.2258064516129032,1501,Churning Users,0,0.8443833647384362
6.183333333333334,0.6961475160930324,9,529,25,28,0.8928571428571429,4312,Steady Regulars,0,0.0
6.183333333333334,0.7334763957947704,9,640,28,25,1.12,257,Steady Regulars,0,0.0
3.616666666666666,0.353201552061791,4,392,6,25,0.24,2972,Churning Users,1,0.694037564348653
5.716666666666667,0.7317915763718661,7,452,26,23,1.1304347826086956,540,Steady Regulars,0,0.0
8.516666666666667,0.6268182548416826,3,562,37,36,1.0277777777777777,1708,Steady Regulars,0,0.0
0.0,0.0,10,18,0,0,0.0,2146,New / Cold-Start Users,0,0.0
3.2666666666666666,0.3115804752443346,6,100,2,26,0.0769230769230769,2816,Churning Users,0,0.6625398348537191
8.75,0.5626955303987957,7,372,42,33,1.2727272727272727,68,Steady Regulars,0,0.0
3.15,0.3261316375098569,7,299,4,23,0.1739130434782608,3919,Churning Users,0,0.7956496155386208
21.23333333333333,0.8466713055648515,7,534,101,81,1.2469135802469136,2129,Power Bingers,0,0.0
5.016666666666667,0.7036863809608825,7,549,21,22,0.9545454545454546,4749,Steady Regulars,0,0.0
8.633333333333333,0.6128267541749198,3,723,37,37,1.0,1783,Steady Regulars,0,0.0
3.966666666666667,0.2966848850429853,3,409,9,25,0.36,1739,Churning Users,0,0.8545497472005738
5.133333333333334,0.7676383311942453,4,223,27,17,1.588235294117647,4129,Steady Regulars,0,0.0
5.25,0.3219965933551586,7,190,6,39,0.1538461538461538,2366,Churning Users,0,0.6414068959275011
18.666666666666668,0.8462853903043328,4,317,87,73,1.1917808219178083,2442,Power Bingers,0,0.0
18.2,0.8463989631452694,9,332,84,72,1.1666666666666667,3523,Power Bingers,0,0.0
8.283333333333333,0.5881477898186428,8,492,48,23,2.0869565217391304,1343,Steady Regulars,0,0.0
5.716666666666667,0.741898911570046,7,408,25,24,1.0416666666666667,4582,Steady Regulars,0,0.0
6.066666666666666,0.69971661268447,9,717,30,22,1.3636363636363635,1934,Steady Regulars,0,0.0
6.066666666666666,0.6593300875876598,7,547,26,26,1.0,3710,Steady Regulars,0,0.0
0.0,0.0,15,30,0,0,0.0,4783,New / Cold-Start Users,0,0.0
7.466666666666667,0.6169778524745785,4,526,34,30,1.1333333333333333,2965,Steady Regulars,0,0.0
20.066666666666663,0.8494172559005311,5,465,93,79,1.1772151898734178,4609,Power Bingers,0,0.0
7.466666666666667,0.5582687045955244,8,280,37,27,1.3703703703703705,407,Steady Regulars,0,0.0
7.116666666666667,0.7059813473599983,8,578,33,28,1.1785714285714286,4066,Steady Regulars,0,0.0
5.716666666666667,0.7003828962752577,7,291,26,23,1.1304347826086956,1910,Steady Regulars,0,0.0
0.0,0.0,14,21,0,0,0.0,2622,New / Cold-Start Users,0,0.0
0.0,0.0,14,15,0,0,0.0,2066,New / Cold-Start Users,0,0.0
7.233333333333333,0.6183613598413255,4,152,30,32,0.9375,3059,Steady Regulars,0,0.0
7.7,0.6120253905441132,8,495,34,32,1.0625,4695,Steady Regulars,0,0.0
8.166666666666666,0.5914179329980103,3,310,27,43,0.627906976744186,1125,Steady Regulars,0,0.0
6.533333333333333,0.6762077992858604,9,722,28,28,1.0,4694,Steady Regulars,0,0.0
21.35,0.8514089311252294,6,280,96,87,1.103448275862069,131,Power Bingers,0,0.0
5.133333333333334,0.2281823876913654,6,251,10,34,0.2941176470588235,2569,Churning Users,1,0.7665885114045468
6.766666666666667,0.577959954548994,4,550,21,37,0.5675675675675675,3587,Steady Regulars,0,0.0
5.6000000000000005,0.7196752429413795,7,257,28,20,1.4,4531,Steady Regulars,0,0.0
16.45,0.8621499189449884,7,471,68,73,0.9315068493150684,2031,Power Bingers,0,0.0
0.0,0.0,8,4,0,0,0.0,2387,New / Cold-Start Users,0,0.0
8.166666666666666,0.5958176885248269,5,663,30,40,0.75,3153,Steady Regulars,0,0.0
8.05,0.6100853890123211,8,492,31,38,0.8157894736842105,4791,Steady Regulars,0,0.0
7.933333333333334,0.5983600991465807,4,249,27,41,0.6585365853658537,4672,Steady Regulars,0,0.0
4.9,0.3003608507861722,6,415,6,36,0.1666666666666666,2556,Churning Users,0,0.7180052598200785
5.483333333333333,0.269100604423755,8,477,5,42,0.119047619047619,2170,Churning Users,0,0.5939269674258562
4.433333333333334,0.7390023263566663,6,699,17,21,0.8095238095238095,1226,Steady Regulars,0,0.0
8.75,0.5863186163094034,3,159,36,39,0.9230769230769232,680,Steady Regulars,0,0.0
6.066666666666666,0.6973355160452329,9,259,25,27,0.925925925925926,434,Steady Regulars,0,0.0
7.7,0.6141392596945303,4,654,28,38,0.7368421052631579,2087,Steady Regulars,0,0.0
20.883333333333333,0.8444063293456338,7,387,99,80,1.2375,3977,Power Bingers,0,0.0
0.0,0.0,9,28,0,0,0.0,1874,New / Cold-Start Users,0,0.0013
6.883333333333334,0.6964936923697712,8,251,27,32,0.84375,3597,Steady Regulars,0,0.0
2.1,0.2890001903046471,8,321,1,17,0.0588235294117647,4142,Churning Users,0,0.5970864616684181
6.066666666666666,0.5828851973228161,4,502,23,29,0.7931034482758621,2222,Steady Regulars,0,0.0
7.116666666666667,0.5910801251707697,3,412,22,39,0.5641025641025641,2397,Steady Regulars,0,0.0
4.9,0.7139273039911315,7,575,14,28,0.5,2473,Steady Regulars,0,0.042456124211096326
6.883333333333334,0.6027353770267007,3,245,29,30,0.9666666666666668,2290,Steady Regulars,0,0.0
6.65,0.7001353431499638,7,410,28,29,0.9655172413793104,262,Steady Regulars,0,0.0
7.583333333333334,0.605116247125465,8,187,32,33,0.9696969696969696,250,Steady Regulars,0,0.0
0.0,0.0,11,20,0,0,0.0,2507,New / Cold-Start Users,0,0.0
3.033333333333333,0.3160604787649049,4,488,6,20,0.3,333,Churning Users,0,0.7244396052826564
7.583333333333334,0.608268460168799,3,99,27,38,0.7105263157894737,1008,Steady Regulars,0,0.0
22.4,0.8487922129170545,5,480,83,109,0.7614678899082569,4922,Power Bingers,0,0.0
7.233333333333333,0.5988963881462739,6,122,33,29,1.137931034482759,4691,Steady Regulars,0,0.0
0.0,0.0,12,11,0,0,0.0,1852,New / Cold-Start Users,0,0.0
19.83333333333333,0.8612666877548072,9,226,83,87,0.9540229885057472,3316,Power Bingers,0,0.0
3.966666666666667,0.3067464067104184,5,221,8,26,0.3076923076923077,4217,Churning Users,0,0.8053299728358835
7.116666666666667,0.5969348138929642,7,522,28,33,0.8484848484848485,4965,Steady Regulars,0,0.0
21.46666666666667,0.861720181880783,8,664,91,93,0.978494623655914,1463,Power Bingers,0,0.0
3.616666666666666,0.2239169028116398,3,261,4,27,0.1481481481481481,2093,Churning Users,0,0.8381445719907005
0.0,0.0,11,14,0,0,0.0,2503,New / Cold-Start Users,0,0.0
20.766666666666666,0.8479674645937313,8,413,86,92,0.9347826086956522,4508,Power Bingers,0,0.0
3.733333333333333,0.3460602661075558,5,386,7,25,0.28,3229,Churning Users,0,0.8280527883815467
6.65,0.5900023317105915,8,147,22,35,0.6285714285714286,2355,Steady Regulars,0,0.0
3.15,0.2833303741004738,7,379,4,23,0.1739130434782608,1219,Churning Users,0,0.8779139918958039
3.15,0.2664182082456911,4,355,8,19,0.4210526315789473,4423,Churning Users,0,0.883217736396512
3.966666666666667,0.3301879949227729,6,222,5,29,0.1724137931034483,391,Churning Users,0,0.7231016924031037
3.616666666666666,0.3684659273812383,7,336,8,23,0.3478260869565217,4620,Churning Users,0,0.5821288551965227
6.066666666666666,0.7108001916792114,5,478,21,31,0.6774193548387096,4365,Steady Regulars,0,0.0
4.083333333333333,0.3271810965027357,4,201,9,26,0.3461538461538461,3521,Churning Users,0,0.8484467772731619
0.0,0.0,14,13,0,0,0.0,2596,New / Cold-Start Users,0,0.0
0.0,0.0,10,22,0,0,0.0,527,New / Cold-Start Users,0,0.0
7.816666666666667,0.5913066287008969,3,133,28,39,0.717948717948718,2677,Steady Regulars,0,0.0
0.0,0.0,9,11,0,0,0.0,1972,New / Cold-Start Users,0,0.0013
6.183333333333334,0.696283974938247,5,589,31,22,1.4090909090909092,1336,Steady Regulars,0,0.0
5.95,0.696440656920043,6,672,24,27,0.8888888888888888,3324,Steady Regulars,0,0.0
19.133333333333333,0.8571563494351931,9,633,92,72,1.2777777777777777,1045,Power Bingers,0,0.0
21.23333333333333,0.8433597383159617,6,460,87,95,0.9157894736842104,1116,Power Bingers,0,0.0
5.6000000000000005,0.7258367188540097,6,537,29,19,1.5263157894736843,4398,Steady Regulars,0,0.0
8.166666666666666,0.5959903593759879,4,347,31,39,0.7948717948717948,141,Steady Regulars,0,0.0
6.883333333333334,0.5690688718302215,4,642,27,32,0.84375,859,Steady Regulars,0,0.0
0.0,0.0,12,12,0,0,0.0,4317,New / Cold-Start Users,0,0.0
8.4,0.5876269164165941,3,155,26,46,0.5652173913043478,1693,Steady Regulars,0,0.0
8.4,0.591721639674017,4,258,35,37,0.945945945945946,3858,Steady Regulars,0,0.0
3.2666666666666666,0.3257299210876492,5,421,3,25,0.12,3613,Churning Users,0,0.8091311572125254
2.916666666666667,0.2351285681302281,5,460,4,21,0.1904761904761904,1213,Churning Users,0,0.785164228540286
6.183333333333334,0.6242062654887408,6,478,28,25,1.12,4986,Steady Regulars,0,0.0
6.883333333333334,0.564067443319738,7,352,28,31,0.9032258064516128,1995,Steady Regulars,0,0.0
3.3833333333333333,0.3436985099087312,6,432,5,24,0.2083333333333333,1919,Churning Users,1,0.7489923230299201
0.0,0.0,13,4,0,0,0.0,4647,New / Cold-Start Users,0,0.3782394661675456
7.816666666666667,0.5808773575090194,6,108,32,35,0.9142857142857144,1304,Steady Regulars,0,0.0
8.516666666666667,0.6048394309333731,7,226,36,37,0.972972972972973,2663,Steady Regulars,0,0.0
6.416666666666667,0.6368607098083929,3,510,32,23,1.391304347826087,3288,Steady Regulars,0,0.0
7.0,0.5931593273711386,5,541,30,30,1.0,243,Steady Regulars,0,0.0
3.5,0.2138464777289219,3,311,4,26,0.1538461538461538,4356,Churning Users,0,0.5020893296451291
4.433333333333334,0.721691439396027,7,448,17,21,0.8095238095238095,2156,Steady Regulars,0,0.0
0.0,0.0,10,11,0,0,0.0,3311,New / Cold-Start Users,0,0.0
0.0,0.0,10,14,0,0,0.0,3786,New / Cold-Start Users,0,0.0
5.366666666666667,0.700009656168062,5,140,20,26,0.7692307692307693,2756,Steady Regulars,0,0.0
8.283333333333333,0.601242197790084,4,122,38,33,1.1515151515151516,4358,Steady Regulars,0,0.0
8.05,0.5458402041784081,7,660,26,43,0.6046511627906976,1646,Steady Regulars,0,0.0
9.45,0.5903907155457178,5,558,40,41,0.975609756097561,1653,Steady Regulars,0,0.0
6.65,0.6409795407422005,7,487,32,25,1.28,3936,Steady Regulars,0,0.0
7.583333333333334,0.648515792333847,5,239,33,32,1.03125,3376,Steady Regulars,0,0.0
2.916666666666667,0.2951281855072237,3,145,7,18,0.3888888888888889,2067,Churning Users,0,0.7810749101961068
18.433333333333334,0.8668627171226833,7,346,88,70,1.2571428571428571,921,Power Bingers,0,0.0
8.05,0.6907654014513078,5,472,33,36,0.9166666666666666,2722,Steady Regulars,0,0.0
20.65,0.8538362534240533,5,224,86,91,0.945054945054945,2583,Power Bingers,0,0.0
5.483333333333333,0.7069835788833717,4,622,20,27,0.7407407407407407,2178,Steady Regulars,0,0.0
22.866666666666667,0.8482213243128485,8,641,90,106,0.8490566037735849,561,Power Bingers,0,0.0
0.0,0.0,9,7,0,0,0.0,2234,New / Cold-Start Users,0,0.0013
0.0,0.0,15,12,0,0,0.0,3312,New / Cold-Start Users,0,0.0
6.766666666666667,0.5593471184793404,5,178,32,26,1.2307692307692308,2072,Steady Regulars,0,0.0
5.366666666666667,0.6902382859613602,9,219,17,29,0.5862068965517241,2302,Steady Regulars,0,0.0
7.233333333333333,0.5932534448914881,8,589,33,29,1.137931034482759,3750,Steady Regulars,0,0.0
2.45,0.285757619223541,7,314,5,16,0.3125,278,Churning Users,1,0.8546038355480617
6.416666666666667,0.6777761820950842,5,452,24,31,0.7741935483870968,4669,Steady Regulars,0,0.0
6.65,0.7153036157742703,4,535,27,30,0.9,1892,Steady Regulars,0,0.0
18.316666666666663,0.8638037819873633,6,397,73,84,0.8690476190476191,1529,Power Bingers,0,0.0
3.15,0.3210741880003753,4,276,4,23,0.1739130434782608,900,Churning Users,1,0.8200153083955465
9.1,0.5946075303515794,8,267,33,45,0.7333333333333333,1430,Steady Regulars,0,0.0
20.3,0.8552687333546234,8,356,87,87,1.0,3941,Power Bingers,0,0.0
0.0,0.0,14,25,0,0,0.0,974,New / Cold-Start Users,0,0.0
3.033333333333333,0.3212487682728143,6,93,4,22,0.1818181818181818,2010,Churning Users,1,0.5066092191482511
6.3,0.709904377387646,4,278,25,29,0.8620689655172413,4321,Steady Regulars,0,0.0
7.0,0.634338917489112,5,483,23,37,0.6216216216216216,3415,Steady Regulars,0,0.0
18.55,0.8501784844562409,7,346,86,73,1.178082191780822,1757,Power Bingers,0,0.0
7.233333333333333,0.612195432711797,8,710,37,25,1.48,1437,Steady Regulars,0,0.0
21.46666666666667,0.8444767844466213,9,533,90,94,0.9574468085106383,2191,Power Bingers,0,0.0
8.166666666666666,0.5839035160886974,6,413,37,33,1.121212121212121,1381,Steady Regulars,0,0.0
7.466666666666667,0.5955431701762663,6,181,28,36,0.7777777777777778,4371,Steady Regulars,0,0.0
21.7,0.8425391165271041,9,699,100,86,1.162790697674419,2668,Power Bingers,0,0.0
18.666666666666668,0.8395947978207465,9,384,84,76,1.105263157894737,2376,Power Bingers,0,0.0
6.65,0.7344171715183421,8,249,31,26,1.1923076923076923,2472,Steady Regulars,0,0.0
5.716666666666667,0.6959420464516238,8,378,27,22,1.2272727272727273,1677,Steady Regulars,0,0.0
0.0,0.0,12,20,0,0,0.0,3759,New / Cold-Start Users,0,0.0
7.466666666666667,0.6318366491274339,5,546,29,35,0.8285714285714286,1898,Steady Regulars,0,0.0
3.616666666666666,0.3123055910284761,7,432,8,23,0.3478260869565217,827,Churning Users,0,0.8357163702246112
6.533333333333333,0.6853738852761094,4,451,32,24,1.3333333333333333,3505,Steady Regulars,0,0.0
5.483333333333333,0.6891138408675763,6,215,21,26,0.8076923076923077,3881,Steady Regulars,0,0.0
6.533333333333333,0.6905178380351387,4,432,34,22,1.5454545454545454,646,Steady Regulars,0,0.0
7.7,0.5844304702107703,5,358,28,38,0.7368421052631579,1006,Steady Regulars,0,0.0
9.683333333333334,0.5687163230748299,7,480,37,46,0.8043478260869565,1924,Steady Regulars,0,0.0
8.4,0.6001134515661081,3,479,40,32,1.25,1214,Steady Regulars,0,0.0
7.466666666666667,0.5679728972196948,3,414,28,36,0.7777777777777778,3684,Steady Regulars,0,0.0
0.0,0.0,14,30,0,0,0.0,2856,New / Cold-Start Users,0,0.0
0.0,0.0,14,5,0,0,0.0,3042,New / Cold-Start Users,0,0.4649168625589883
4.666666666666667,0.7051381840432024,8,461,18,22,0.8181818181818182,214,Steady Regulars,0,0.0
6.766666666666667,0.5897810628253579,8,171,33,25,1.32,2253,Steady Regulars,0,0.0
7.7,0.580355404210956,4,444,33,33,1.0,753,Steady Regulars,0,0.0
18.78333333333333,0.850484602687002,9,580,73,88,0.8295454545454546,3018,Power Bingers,0,0.0
6.883333333333334,0.7102972462497198,9,482,26,33,0.7878787878787878,3069,Steady Regulars,0,0.0
20.766666666666666,0.8497882315332281,5,272,77,101,0.7623762376237624,3257,Power Bingers,0,0.0
0.0,0.0,8,5,0,0,0.0,4309,New / Cold-Start Users,0,0.0
5.833333333333334,0.6920850038813074,5,404,22,28,0.7857142857142857,3910,Steady Regulars,0,0.0
6.883333333333334,0.7291931774644551,9,436,25,34,0.7352941176470589,4433,Steady Regulars,0,0.0
3.2666666666666666,0.2529211147829742,4,326,5,23,0.217391304347826,2818,Churning Users,0,0.8777339767984488
8.4,0.5915917501682235,8,377,31,41,0.7560975609756098,3665,Steady Regulars,0,0.0
6.183333333333334,0.6976772886487179,6,248,25,28,0.8928571428571429,3276,Steady Regulars,0,0.0
3.616666666666666,0.352297519884211,4,224,5,26,0.1923076923076923,3281,Churning Users,0,0.748228506434254
0.0,0.0,11,8,0,0,0.0,2902,New / Cold-Start Users,0,0.0
8.166666666666666,0.6353799964705046,7,434,38,32,1.1875,2858,Steady Regulars,0,0.0
5.95,0.6516051115813014,4,335,21,30,0.7,3675,Steady Regulars,0,0.0
0.0,0.0,8,26,0,0,0.0,3203,New / Cold-Start Users,0,0.0
0.0,0.0,11,15,0,0,0.0,3930,New / Cold-Start Users,0,0.0
6.533333333333333,0.5731286490745445,7,579,28,28,1.0,3988,Steady Regulars,0,0.0
4.55,0.7004492926658619,4,633,16,23,0.6956521739130435,3241,Steady Regulars,0,0.0
6.883333333333334,0.5744450936960624,7,604,17,42,0.4047619047619047,1796,Steady Regulars,0,0.0
17.266666666666666,0.8557679124075053,5,219,83,65,1.2769230769230768,980,Power Bingers,0,0.0
8.633333333333333,0.5950867351750635,6,159,35,39,0.8974358974358975,522,Steady Regulars,0,0.0
21.583333333333336,0.8529448483268314,8,420,95,90,1.0555555555555556,2421,Power Bingers,0,0.0
6.416666666666667,0.5593295625825644,8,120,27,28,0.9642857142857144,1262,Steady Regulars,0,0.0
8.05,0.607859160624368,7,275,35,34,1.0294117647058822,3856,Steady Regulars,0,0.0
0.0,0.0,9,21,0,0,0.0,4603,New / Cold-Start Users,0,0.0013
3.733333333333333,0.3557315326925557,3,156,7,25,0.28,154,Churning Users,0,0.6877995159322624
20.3,0.8541411073430518,7,446,86,88,0.9772727272727272,125,Power Bingers,0,0.0
6.65,0.7140549524245123,9,372,23,34,0.6764705882352942,3022,Steady Regulars,0,0.0
4.55,0.6990079868286158,8,432,20,19,1.0526315789473684,139,Steady Regulars,0,0.0
3.5,0.338689596923216,6,489,10,20,0.5,2675,Churning Users,0,0.5857543435060404
21.116666666666667,0.8555248007197853,9,688,87,94,0.925531914893617,4257,Power Bingers,0,0.0
5.133333333333334,0.2495680644976428,7,127,8,36,0.2222222222222222,3625,Churning Users,1,0.7942811510955156
6.416666666666667,0.6195362113038135,5,607,25,30,0.8333333333333334,1811,Steady Regulars,0,0.0
7.466666666666667,0.7062277169643807,6,163,31,33,0.9393939393939394,1754,Steady Regulars,0,0.0
5.716666666666667,0.6981827803434223,7,622,23,26,0.8846153846153846,3535,Steady Regulars,0,0.0
6.766666666666667,0.7037672564963426,4,302,30,28,1.0714285714285714,3643,Steady Regulars,0,0.0
3.966666666666667,0.2713579393467097,4,410,11,23,0.4782608695652174,2797,Churning Users,0,0.4782919575889711
9.216666666666669,0.5881960253124904,6,552,38,41,0.926829268292683,3836,Steady Regulars,0,0.0
23.45,0.8693021377791079,5,517,90,111,0.8108108108108109,3595,Power Bingers,0,0.0
4.316666666666666,0.3199145827927634,6,377,9,28,0.3214285714285714,2684,Churning Users,0,0.8240849583855899
20.65,0.8339171844310529,9,427,81,96,0.84375,3261,Power Bingers,0,0.0
20.416666666666668,0.8418658301628924,5,434,86,89,0.9662921348314608,2018,Power Bingers,0,0.0
3.616666666666666,0.2956129388280787,4,263,6,25,0.24,4323,Churning Users,1,0.8597738557372482
3.5,0.2942598317850935,4,129,7,23,0.3043478260869565,1207,Churning Users,1,0.8767647475461113
9.1,0.6398184487895373,7,341,40,38,1.0526315789473684,4712,Steady Regulars,0,0.0
4.666666666666667,0.7213518554454518,8,98,18,22,0.8181818181818182,2653,Steady Regulars,0,0.0
5.016666666666667,0.6884781420388602,5,312,11,32,0.34375,3421,Steady Regulars,0,0.16285724032264887
20.066666666666663,0.8548818042255502,9,376,90,82,1.0975609756097562,2060,Power Bingers,0,0.0
7.7,0.5902513799936012,4,280,27,39,0.6923076923076923,536,Steady Regulars,0,0.0
6.766666666666667,0.5843033341480441,6,469,32,26,1.2307692307692308,1070,Steady Regulars,0,0.0
6.766666666666667,0.5920932042229947,3,412,29,29,1.0,3617,Steady Regulars,0,0.0
6.066666666666666,0.703877199923778,4,90,30,22,1.3636363636363635,3908,Steady Regulars,0,0.0
19.83333333333333,0.8498085127888263,6,687,81,89,0.9101123595505618,1101,Power Bingers,0,0.0
20.65,0.8395308687561092,9,445,83,94,0.8829787234042553,3280,Power Bingers,0,0.0
18.78333333333333,0.8364632024600763,7,532,76,85,0.8941176470588236,2922,Power Bingers,0,0.0
3.15,0.3431600035727914,5,410,5,22,0.2272727272727272,2688,Churning Users,1,0.8040654392803489
20.066666666666663,0.8412949124496746,7,302,75,97,0.7731958762886598,4457,Power Bingers,0,0.0
21.0,0.831793212437947,8,224,98,82,1.195121951219512,3209,Power Bingers,0,0.0
5.133333333333334,0.7014676767792584,5,390,31,13,2.3846153846153846,2978,Steady Regulars,0,0.0
2.566666666666667,0.3095252535325495,8,222,0,22,0.0,2240,Churning Users,0,0.6240245580285514
19.95,0.8599029682388601,6,689,94,77,1.2207792207792207,3186,Power Bingers,0,0.0
17.266666666666666,0.866512627062756,5,411,64,84,0.7619047619047619,1139,Power Bingers,0,0.0
5.483333333333333,0.6926926162956388,7,400,19,28,0.6785714285714286,3001,Steady Regulars,0,0.0
4.55,0.2590700162042965,4,288,4,35,0.1142857142857142,2593,Churning Users,0,0.8160158239905112
10.033333333333331,0.5758602421344301,3,626,36,50,0.72,734,Steady Regulars,0,0.0
8.05,0.5933821300048611,5,283,33,36,0.9166666666666666,4645,Steady Regulars,0,0.0
4.433333333333334,0.2537342898533657,5,304,9,29,0.3103448275862069,1202,Churning Users,0,0.8598358973741124
20.066666666666663,0.8622520337099862,4,676,87,85,1.0235294117647058,2286,Power Bingers,0,0.0
6.416666666666667,0.7091108848981778,9,501,27,28,0.9642857142857144,861,Steady Regulars,0,0.0
7.233333333333333,0.6327200715645078,6,217,34,28,1.2142857142857142,3472,Steady Regulars,0,0.0
3.3833333333333333,0.3346393063565404,8,181,7,22,0.3181818181818182,2331,Churning Users,1,0.8480152368959635
8.283333333333333,0.5814395333267842,8,593,45,26,1.7307692307692308,146,Steady Regulars,0,0.0
22.516666666666666,0.8492436702583095,7,636,89,104,0.8557692307692307,3236,Power Bingers,0,0.0
5.95,0.7011141086067769,6,647,26,25,1.04,871,Steady Regulars,0,0.0
4.55,0.2856674809018016,6,259,8,31,0.2580645161290322,3204,Churning Users,0,0.875411027999114
19.366666666666667,0.858472853845711,8,292,90,76,1.1842105263157894,3008,Power Bingers,0,0.0
4.55,0.7310509330562924,7,618,16,23,0.6956521739130435,3591,Steady Regulars,0,0.0
8.516666666666667,0.6168904338645752,6,338,33,40,0.825,2247,Steady Regulars,0,0.0
6.766666666666667,0.6150378920340103,8,428,27,31,0.8709677419354839,169,Steady Regulars,0,0.0
21.7,0.8331065461250198,4,349,95,91,1.043956043956044,429,Power Bingers,0,0.0
19.133333333333333,0.8476267129756904,5,407,86,78,1.1025641025641026,36,Power Bingers,0,0.0
8.283333333333333,0.5463647641783976,4,716,29,42,0.6904761904761905,2303,Steady Regulars,0,0.0
0.0,0.0,15,17,0,0,0.0,4231,New / Cold-Start Users,0,0.0
17.733333333333334,0.8609313689578059,7,390,81,71,1.1408450704225352,3142,Power Bingers,0,0.0
4.666666666666667,0.3409188095344846,6,218,1,39,0.0256410256410256,1799,Churning Users,0,0.4257282887555561
9.45,0.6163733367694817,3,685,33,48,0.6875,4470,Steady Regulars,0,0.0
3.616666666666666,0.3126344065843818,5,290,6,25,0.24,4526,Churning Users,0,0.7910374624787813
19.95,0.8520927197903398,4,303,98,73,1.3424657534246576,4598,Power Bingers,0,0.0
6.65,0.609635110034615,5,683,27,30,0.9,4370,Steady Regulars,0,0.0
7.933333333333334,0.6123456066961299,4,238,33,35,0.9428571428571428,436,Steady Regulars,0,0.0
6.066666666666666,0.6100136646454165,6,487,30,22,1.3636363636363635,4344,Steady Regulars,0,0.0
22.75,0.8584891969281396,6,441,96,99,0.9696969696969696,1888,Power Bingers,0,0.0
3.85,0.2785162903727579,3,166,5,28,0.1785714285714285,1704,Churning Users,0,0.8358886860318931
0.0,0.0,14,18,0,0,0.0,3090,New / Cold-Start Users,0,0.0
6.883333333333334,0.6870875042518972,8,286,29,30,0.9666666666666668,2911,Steady Regulars,0,0.0
0.0,0.0,15,2,0,0,0.0,2824,New / Cold-Start Users,0,0.8685680403933729
4.316666666666666,0.3167664830179456,8,183,7,30,0.2333333333333333,4810,Churning Users,0,0.7709699463522807
3.966666666666667,0.2939363486239003,5,486,5,29,0.1724137931034483,1483,Churning Users,0,0.7891261631318152
19.71666666666667,0.8316520941556487,5,197,86,83,1.036144578313253,4089,Power Bingers,0,0.0
18.666666666666668,0.8543169689229007,9,196,83,77,1.077922077922078,1602,Power Bingers,0,0.0
0.0,0.0,13,3,0,0,0.0,2202,New / Cold-Start Users,0,0.9593344259353962
5.25,0.7173931478096781,4,206,24,21,1.1428571428571428,837,Steady Regulars,0,0.0
6.183333333333334,0.5761062569435099,6,92,28,25,1.12,1038,Steady Regulars,0,0.0
0.0,0.0,11,21,0,0,0.0,4357,New / Cold-Start Users,0,0.0
3.616666666666666,0.2725763108446299,5,206,4,27,0.1481481481481481,3175,Churning Users,0,0.8727705263652709
21.116666666666667,0.8508188869557213,4,337,89,92,0.967391304347826,806,Power Bingers,0,0.0
4.9,0.657752746679683,5,141,20,22,0.9090909090909092,1071,Steady Regulars,0,0.0
3.966666666666667,0.3081522686598263,5,176,6,28,0.2142857142857142,4605,Churning Users,1,0.7603705330923346
